index,angle,houghAngle,houghConfidence,projectionAngle,projectionConfidence,freqHoughAngle,freqHoughConfidence,bestFirstAngle,bestFirstConfidence,unanimousAngle,unanimousConfidence,weightedAngle,weightedConfidence,,
1,-5,-5,1,-5,0.61,-5,0.01,-5,1,-5,0.8,-5,0.85,0,480
1,-4.9,-4.9,1,-4.9,0.6,-2.5,0.01,-4.9,1,-4.9,0.8,-4.9,0.85,0,
1,-4.8,-4.8,1,-4.8,0.59,-2.4,0.01,-4.8,1,-4.8,0.8,-4.8,0.85,0,
1,-4.7,-4.7,1,-4.7,0.6,-2.6,0.01,-4.7,1,-4.7,0.8,-4.7,0.85,0,
1,-4.6,-4.6,1,-4.6,0.59,-4.9,0.01,-4.6,1,-4.6,0.8,-4.6,0.85,0,
1,-4.5,-4.5,1,-4.5,0.59,-5,0.01,-4.5,1,-4.5,0.79,-4.5,0.85,0,
1,-4.4,-4.4,1,-4.4,0.59,-4.9,0.02,-4.4,1,-4.4,0.79,-4.4,0.85,0,
1,-4.3,-4.3,1,-4.3,0.59,-2.2,0.01,-4.3,1,-4.3,0.79,-4.3,0.85,0,
1,-4.2,-4.2,1,-4.2,0.59,-4.4,0.01,-4.2,1,-4.2,0.79,-4.2,0.85,0,
1,-4.1,-4.1,1,-4.1,0.59,-1.9,0.01,-4.1,1,-4.1,0.79,-4.1,0.85,0,
1,-4,-4,1,-4,0.59,-4.7,0.01,-4,1,-4,0.79,-4,0.85,0,
1,-3.9,-3.9,1,-3.9,0.59,-1.4,0.01,-3.9,1,-3.9,0.79,-3.9,0.85,0,
1,-3.8,-3.8,1,-3.8,0.59,-4.4,0,-3.8,1,-3.8,0.79,-3.8,0.85,0,
1,-3.7,-3.7,1,-3.7,0.58,-4.4,0,-3.7,1,-3.7,0.79,-3.7,0.85,0,
1,-3.6,-3.6,1,-3.6,0.59,-4.4,0.02,-3.6,1,-3.6,0.79,-3.6,0.85,0,
1,-3.5,-3.5,1,-3.5,0.59,-4.4,0.01,-3.5,1,-3.5,0.79,-3.5,0.85,0,
1,-3.4,-3.4,0.88,-3.4,0.59,-4.1,0.01,-3.4,0.88,-3.4,0.73,-3.4,0.76,0,
1,-3.3,-3.3,1,-3.3,0.58,-4.2,0.01,-3.3,1,-3.3,0.79,-3.3,0.85,0,
1,-3.2,-3.2,1,-3.2,0.58,-4.1,0.01,-3.2,1,-3.2,0.79,-3.2,0.85,0,
1,-3.1,-3.1,1,-3.1,0.59,-2.9,0.01,-3.1,1,-3.1,0.79,-3.1,0.85,0,
1,-3,-3,1,-3,0.59,-3.1,0.07,-3,1,-3,0.79,-3,0.85,0,
1,-2.9,-2.9,1,-2.9,0.59,-2.9,0.03,-2.9,1,-2.9,0.79,-2.9,0.85,0,
1,-2.8,-2.8,1,-2.8,0.58,-3.6,0.01,-2.8,1,-2.8,0.79,-2.8,0.85,0,
1,-2.7,-2.7,1,-2.7,0.58,-2.7,0.01,-2.7,1,-2.7,0.79,-2.7,0.85,0,
1,-2.6,-2.6,1,-2.6,0.59,-2.7,0.01,-2.6,1,-2.6,0.79,-2.6,0.85,0,
1,-2.5,-2.5,1,-2.5,0.58,-2.7,0.02,-2.5,1,-2.5,0.79,-2.5,0.85,0,
1,-2.4,-2.4,1,-2.4,0.59,-3.4,0.01,-2.4,1,-2.4,0.79,-2.4,0.85,0,
1,-2.3,-2.3,1,-2.3,0.59,-3.3,0.02,-2.3,1,-2.3,0.79,-2.3,0.85,0,
1,-2.2,-2.2,1,-2.2,0.59,-2.2,0.01,-2.2,1,-2.2,0.79,-2.2,0.85,0,
1,-2.1,-2.1,1,-2.1,0.59,-3.2,0.01,-2.1,1,-2.1,0.79,-2.1,0.85,0,
1,-2,-2,1,-2,0.59,-2.8,0.01,-2,1,-2,0.79,-2,0.85,0,
1,-1.9,-1.9,1,-1.9,0.59,-1.4,0.01,-1.9,1,-1.9,0.79,-1.9,0.85,0,
1,-1.8,-1.8,1,-1.8,0.59,-1.9,0.01,-1.8,1,-1.8,0.79,-1.8,0.85,0,
1,-1.7,-1.7,1,-1.7,0.59,-1.4,0.02,-1.7,1,-1.7,0.79,-1.7,0.85,0,
1,-1.6,-1.6,1,-1.6,0.58,-2.7,0.01,-1.6,1,-1.6,0.79,-1.6,0.85,0,
1,-1.5,-1.5,1,-1.5,0.59,0.7,0.02,-1.5,1,-1.5,0.8,-1.5,0.85,0,
1,-1.4,-1.4,1,-1.4,0.59,-1.7,0.01,-1.4,1,-1.4,0.79,-1.4,0.85,0,
1,-1.3,-1.3,1,-1.3,0.59,0.9,0.01,-1.3,1,-1.3,0.8,-1.3,0.85,0,
1,-1.2,-1.2,1,-1.2,0.59,1.1,0.02,-1.2,1,-1.2,0.8,-1.2,0.85,0,
1,-1.1,-1.1,1,-1.1,0.59,1.4,0.01,-1.1,1,-1.1,0.8,-1.1,0.85,0,
1,-1,-1,1,-1,0.59,0.7,0.02,-1,1,-1,0.8,-1,0.85,0,
1,-0.9,-0.9,1,-0.9,0.59,-2,0.01,-0.9,1,-0.9,0.79,-0.9,0.85,0,
1,-0.8,-0.8,1,-0.8,0.59,1.6,0.01,-0.8,1,-0.8,0.8,-0.8,0.85,0,
1,-0.7,-0.7,1,-0.7,0.59,1.8,0.01,-0.7,1,-0.7,0.8,-0.7,0.85,0,
1,-0.6,-0.6,1,-0.6,0.59,-1.6,0.01,-0.6,1,-0.6,0.8,-0.6,0.85,0,
1,-0.5,-0.5,1,-0.5,0.59,-1.6,0.01,-0.5,1,-0.5,0.8,-0.5,0.85,0,
1,-0.4,-0.4,1,-0.4,0.59,-1.1,0.01,-0.4,1,-0.4,0.8,-0.4,0.85,0,
1,-0.3,-0.3,1,-0.3,0.6,-1.4,0.03,-0.3,1,-0.3,0.8,-0.3,0.85,0,
1,-0.2,-0.2,1,-0.2,0.59,-1,0.02,-0.2,1,-0.2,0.8,-0.2,0.85,0,
1,-0.1,-0.1,1,-0.1,0.6,-0.9,0.01,-0.1,1,-0.1,0.8,-0.1,0.85,0,
1,0,0,1,-0.1,0.59,-0.8,0.02,0,1,-0.05,0.79,-0.04,0.85,0,
1,0.1,0.1,1,0.1,0.6,-1.2,0.01,0.1,1,0.1,0.8,0.1,0.85,0,
1,0.2,0.2,1,0.2,0.59,-0.6,0.05,0.2,1,0.2,0.8,0.2,0.85,0,
1,0.3,0.3,1,0.3,0.6,-1,0.02,0.3,1,0.3,0.8,0.3,0.85,0,
1,0.4,0.4,1,0.4,0.59,-0.5,0.02,0.4,1,0.4,0.8,0.4,0.85,0,
1,0.5,0.5,1,0.5,0.59,-0.2,0.01,0.5,1,0.5,0.8,0.5,0.85,0,
1,0.6,0.6,1,0.6,0.59,-0.2,0.01,0.6,1,0.6,0.8,0.6,0.85,0,
1,0.7,0.7,1,0.7,0.59,0,0.01,0.7,1,0.7,0.8,0.7,0.85,0,
1,0.8,0.8,1,0.8,0.59,3.2,0.03,0.8,1,0.8,0.8,0.8,0.85,0,
1,0.9,0.9,1,0.9,0.59,3.2,0.01,0.9,1,0.9,0.8,0.9,0.85,0,
1,1,1,1,1,0.59,3.2,0.01,1,1,1,0.8,1,0.85,0,
1,1.1,1.1,1,1.1,0.59,0.4,0.01,1.1,1,1.1,0.8,1.1,0.85,0,
1,1.2,1.2,1,1.2,0.59,0.4,0.02,1.2,1,1.2,0.8,1.2,0.85,0,
1,1.3,1.3,1,1.3,0.59,0.4,0.01,1.3,1,1.3,0.8,1.3,0.85,0,
1,1.4,1.4,1,1.4,0.59,0.4,0.01,1.4,1,1.4,0.8,1.4,0.85,0,
1,1.5,1.5,1,1.5,0.59,0.4,0.01,1.5,1,1.5,0.8,1.5,0.85,0,
1,1.6,1.6,1,1.6,0.58,3.9,0.03,1.6,1,1.6,0.79,1.6,0.85,0,
1,1.7,1.7,0.9,1.7,0.59,1.3,0.02,1.7,0.9,1.7,0.74,1.7,0.77,0,
1,1.8,1.8,1,1.8,0.59,1,0.01,1.8,1,1.8,0.79,1.8,0.85,0,
1,1.9,1.9,1,1.9,0.59,1.3,0.02,1.9,1,1.9,0.79,1.9,0.85,0,
1,2,2,1,2,0.59,1,0.01,2,1,2,0.79,2,0.85,0,
1,2.1,2.1,1,2.1,0.59,1.2,0.02,2.1,1,2.1,0.79,2.1,0.85,0,
1,2.2,2.2,1,2.2,0.59,1.2,0.01,2.2,1,2.2,0.79,2.2,0.85,0,
1,2.3,2.3,1,2.3,0.59,1.2,0.01,2.3,1,2.3,0.79,2.3,0.85,0,
1,2.4,2.4,1,2.4,0.59,1.4,0.02,2.4,1,2.4,0.79,2.4,0.85,0,
1,2.5,2.5,1,2.5,0.59,1.6,0.01,2.5,1,2.5,0.79,2.5,0.85,0,
1,2.6,2.6,1,2.6,0.59,1.6,0.03,2.6,1,2.6,0.79,2.6,0.85,0,
1,2.7,2.7,1,2.7,0.59,2,0.03,2.7,1,2.7,0.79,2.7,0.85,0,
1,2.8,2.8,1,2.8,0.59,1.8,0.02,2.8,1,2.8,0.79,2.8,0.85,0,
1,2.9,2.9,1,2.9,0.59,2.5,0.03,2.9,1,2.9,0.79,2.9,0.85,0,
1,3,3,1,3,0.59,2.9,0.04,3,1,3,0.79,3,0.85,0,
1,3.1,3.1,1,3.1,0.59,2.2,0.01,3.1,1,3.1,0.8,3.1,0.85,0,
1,3.2,3.2,1,3.2,0.59,3.3,0.04,3.2,1,3.2,0.79,3.2,0.85,0,
1,3.3,3.3,1,3.3,0.59,2.6,0.01,3.3,1,3.3,0.79,3.3,0.85,0,
1,3.4,3.4,1,3.4,0.59,2.1,0.01,3.4,1,3.4,0.8,3.4,0.85,0,
1,3.5,3.5,1,3.5,0.59,2.8,0.03,3.5,1,3.5,0.8,3.5,0.85,0,
1,3.6,3.6,1,3.6,0.59,3.2,0.02,3.6,1,3.6,0.8,3.6,0.85,0,
1,3.7,3.7,1,3.7,0.59,2.5,0.02,3.7,1,3.7,0.8,3.7,0.85,0,
1,3.8,3.8,1,3.8,0.59,3.5,0.01,3.8,1,3.8,0.79,3.8,0.85,0,
1,3.9,3.9,1,3.9,0.59,3.1,0.02,3.9,1,3.9,0.8,3.9,0.85,0,
1,4,4,0.91,4,0.59,3,0.01,4,0.91,4,0.75,4,0.79,0,
1,4.1,4.1,1,4.1,0.59,3.7,0.02,4.1,1,4.1,0.8,4.1,0.85,0,
1,4.2,4.2,1,4.2,0.59,4.1,0.01,4.2,1,4.2,0.8,4.2,0.85,0,
1,4.3,4.3,1,4.3,0.59,3.9,0.02,4.3,1,4.3,0.8,4.3,0.85,0,
1,4.4,4.4,1,4.4,0.59,3.5,0.01,4.4,1,4.4,0.8,4.4,0.85,0,
1,4.5,4.5,1,4.5,0.6,3.6,0.02,4.5,1,4.5,0.8,4.5,0.85,0,
1,4.6,4.6,1,4.6,0.6,3.6,0.01,4.6,1,4.6,0.8,4.6,0.85,0,
1,4.7,4.7,1,4.7,0.6,3.8,0.02,4.7,1,4.7,0.8,4.7,0.85,0,
1,4.8,4.8,1,4.8,0.6,3.9,0.03,4.8,1,4.8,0.8,4.8,0.85,0,
1,4.9,4.9,1,4.9,0.6,3.8,0.06,4.9,1,4.9,0.8,4.9,0.85,0,
1,5,5,1,5,0.61,4.8,0.03,5,1,5,0.8,5,0.85,0,
2,-5,-5,1,-5,0.61,-4.9,0.01,-5,1,-5,0.81,-5,0.85,0,
2,-4.9,-4.9,1,-4.9,0.6,-4.8,0.03,-4.9,1,-4.9,0.8,-4.9,0.85,0,
2,-4.8,-4.8,1,-4.8,0.6,-4.8,0.02,-4.8,1,-4.8,0.8,-4.8,0.85,0,
2,-4.7,-4.7,1,-4.7,0.59,-4.5,0.01,-4.7,1,-4.7,0.8,-4.7,0.85,0,
2,-4.6,-4.6,1,-4.6,0.59,-4.6,0.01,-4.6,1,-4.6,0.8,-4.6,0.85,0,
2,-4.5,-4.5,1,-4.5,0.59,-4.5,0.02,-4.5,1,-4.5,0.79,-4.5,0.85,0,
2,-4.4,-4.4,1,-4.4,0.59,-4.3,0.03,-4.4,1,-4.4,0.79,-4.4,0.85,0,
2,-4.3,-4.3,1,-4.3,0.59,-4.3,0.02,-4.3,1,-4.3,0.79,-4.3,0.85,0,
2,-4.2,-4.2,1,-4.2,0.59,-4.1,0.02,-4.2,1,-4.2,0.79,-4.2,0.85,0,
2,-4.1,-4.1,1,-4.1,0.59,-3.8,0.02,-4.1,1,-4.1,0.79,-4.1,0.85,0,
2,-4,-4,1,-4,0.59,-4,0.01,-4,1,-4,0.79,-4,0.85,0,
2,-3.9,-3.9,1,-3.9,0.58,-3.8,0.02,-3.9,1,-3.9,0.79,-3.9,0.85,0,
2,-3.8,-3.8,1,-3.8,0.59,-3.8,0.04,-3.8,1,-3.8,0.79,-3.8,0.85,0,
2,-3.7,-3.7,1,-3.7,0.58,-3.8,0.01,-3.7,1,-3.7,0.79,-3.7,0.85,0,
2,-3.6,-3.6,1,-3.6,0.58,-3.3,0.02,-3.6,1,-3.6,0.79,-3.6,0.85,0,
2,-3.5,-3.5,1,-3.5,0.58,-3.3,0.04,-3.5,1,-3.5,0.79,-3.5,0.85,0,
2,-3.4,-3.4,1,-3.4,0.58,-3.4,0.01,-3.4,1,-3.4,0.79,-3.4,0.85,0,
2,-3.3,-3.3,1,-3.3,0.58,-3.3,0.01,-3.3,1,-3.3,0.79,-3.3,0.85,0,
2,-3.2,-3.2,1,-3.2,0.59,-1.6,0.01,-3.2,1,-3.2,0.79,-3.2,0.85,0,
2,-3.1,-3.1,1,-3.1,0.58,-3.2,0.01,-3.1,1,-3.1,0.79,-3.1,0.85,0,
2,-3,-3,1,-3,0.58,-2.8,0.02,-3,1,-3,0.79,-3,0.85,0,
2,-2.9,-2.9,1,-2.9,0.58,-2.8,0.02,-2.9,1,-2.9,0.79,-2.9,0.85,0,
2,-2.8,-2.8,1,-2.8,0.58,-2.8,0.02,-2.8,1,-2.8,0.79,-2.8,0.85,0,
2,-2.7,-2.7,1,-2.7,0.58,-2.5,0.01,-2.7,1,-2.7,0.79,-2.7,0.85,0,
2,-2.6,-2.6,1,-2.6,0.59,-2.5,0.01,-2.6,1,-2.6,0.79,-2.6,0.85,0,
2,-2.5,-2.5,1,-2.5,0.58,-2.6,0.01,-2.5,1,-2.5,0.79,-2.5,0.85,0,
2,-2.4,-2.4,1,-2.4,0.58,-2.4,0.01,-2.4,1,-2.4,0.79,-2.4,0.85,0,
2,-2.3,-2.3,1,-2.3,0.58,-0.4,0.01,-2.3,1,-2.3,0.79,-2.3,0.85,0,
2,-2.2,-2.2,1,-2.2,0.58,0.8,0.01,-2.2,1,-2.2,0.79,-2.2,0.85,0,
2,-2.1,-2.1,1,-2.1,0.58,-2.2,0.01,-2.1,1,-2.1,0.79,-2.1,0.85,0,
2,-2,-2,1,-2,0.58,-1.3,0.01,-2,1,-2,0.79,-2,0.85,0,
2,-1.9,-1.9,1,-1.9,0.58,-1.7,0.01,-1.9,1,-1.9,0.79,-1.9,0.85,0,
2,-1.8,-1.8,1,-1.8,0.58,-1.8,0.01,-1.8,1,-1.8,0.79,-1.8,0.85,0,
2,-1.7,-1.7,1,-1.7,0.58,-1.4,0.02,-1.7,1,-1.7,0.79,-1.7,0.85,0,
2,-1.6,-1.6,1,-1.6,0.58,-1.4,0.03,-1.6,1,-1.6,0.79,-1.6,0.85,0,
2,-1.5,-1.5,1,-1.5,0.58,-1.6,0.01,-1.5,1,-1.5,0.79,-1.5,0.85,0,
2,-1.4,-1.4,1,-1.4,0.59,-1.3,0.02,-1.4,1,-1.4,0.79,-1.4,0.85,0,
2,-1.3,-1.3,1,-1.3,0.58,-1.2,0.01,-1.3,1,-1.3,0.79,-1.3,0.85,0,
2,-1.2,-1.2,1,-1.2,0.58,-1.1,0,-1.2,1,-1.2,0.79,-1.2,0.85,0,
2,-1.1,-1.1,1,-1.1,0.59,-1,0.01,-1.1,1,-1.1,0.79,-1.1,0.85,0,
2,-1,-1,1,-1,0.59,-0.8,0.02,-1,1,-1,0.79,-1,0.85,0,
2,-0.9,-0.9,1,-0.9,0.59,-0.9,0.01,-0.9,1,-0.9,0.79,-0.9,0.85,0,
2,-0.8,-0.8,1,-0.8,0.59,-0.6,0.02,-0.8,1,-0.8,0.79,-0.8,0.85,0,
2,-0.7,-0.7,1,-0.7,0.58,-0.3,0.01,-0.7,1,-0.7,0.79,-0.7,0.85,0,
2,-0.6,-0.6,1,-0.6,0.59,-0.5,0.01,-0.6,1,-0.6,0.79,-0.6,0.85,0,
2,-0.5,-0.5,1,-0.5,0.58,-0.6,0.02,-0.5,1,-0.5,0.79,-0.5,0.85,0,
2,-0.4,-0.4,1,-0.4,0.59,2.7,0.01,-0.4,1,-0.4,0.79,-0.4,0.85,0,
2,-0.3,-0.3,1,-0.3,0.59,3,0.01,-0.3,1,-0.3,0.79,-0.3,0.85,0,
2,-0.2,-0.2,1,-0.2,0.59,0.1,0.01,-0.2,1,-0.2,0.79,-0.2,0.85,0,
2,-0.1,-0.1,1,0,0.6,0,0.01,-0.1,1,-0.05,0.8,-0.06,0.85,0,
2,0,0,1,-0.1,0.57,0.2,0.02,0,1,-0.05,0.79,-0.04,0.84,0,
2,0.1,0.1,1,0,0.6,0.1,0.02,0.1,1,0.05,0.8,0.06,0.85,0,
2,0.2,0.2,1,0.2,0.59,3.5,0.02,0.2,1,0.2,0.8,0.2,0.85,0,
2,0.3,0.3,1,0.3,0.59,-1.3,0.01,0.3,1,0.3,0.79,0.3,0.85,0,
2,0.4,0.4,1,0.4,0.59,0.2,0.01,0.4,1,0.4,0.79,0.4,0.85,0,
2,0.5,0.5,1,0.5,0.58,2.5,0.01,0.5,1,0.5,0.79,0.5,0.85,0,
2,0.6,0.6,1,0.6,0.59,0.3,0.01,0.6,1,0.6,0.79,0.6,0.85,0,
2,0.7,0.7,1,0.7,0.59,0.5,0.02,0.7,1,0.7,0.79,0.7,0.85,0,
2,0.8,0.8,1,0.8,0.59,1.3,0.01,0.8,1,0.8,0.79,0.8,0.85,0,
2,0.9,0.9,1,0.9,0.59,0.8,0.02,0.9,1,0.9,0.79,0.9,0.85,0,
2,1,1,1,1,0.59,0.9,0.01,1,1,1,0.79,1,0.85,0,
2,1.1,1.1,1,1.1,0.59,1.2,0.01,1.1,1,1.1,0.79,1.1,0.85,0,
2,1.2,1.2,1,1.2,0.58,1.5,0.01,1.2,1,1.2,0.79,1.2,0.85,0,
2,1.3,1.3,1,1.3,0.58,1.5,0.03,1.3,1,1.3,0.79,1.3,0.85,0,
2,1.4,1.4,1,1.4,0.59,1,0.03,1.4,1,1.4,0.79,1.4,0.85,0,
2,1.5,1.5,1,1.5,0.58,1.3,0.01,1.5,1,1.5,0.79,1.5,0.85,0,
2,1.6,1.6,1,1.6,0.58,1.5,0.01,1.6,1,1.6,0.79,1.6,0.85,0,
2,1.7,1.7,1,1.7,0.58,1.6,0.03,1.7,1,1.7,0.79,1.7,0.85,0,
2,1.8,1.8,1,1.8,0.58,1.8,0.01,1.8,1,1.8,0.79,1.8,0.85,0,
2,1.9,1.9,1,1.9,0.58,1.9,0.01,1.9,1,1.9,0.79,1.9,0.85,0,
2,2,2,1,2,0.59,1.9,0.03,2,1,2,0.79,2,0.85,0,
2,2.1,2.1,1,2.1,0.58,2,0.02,2.1,1,2.1,0.79,2.1,0.85,0,
2,2.2,2.2,1,2.2,0.59,2.3,0.01,2.2,1,2.2,0.79,2.2,0.85,0,
2,2.3,2.3,1,2.3,0.58,2.6,0.01,2.3,1,2.3,0.79,2.3,0.85,0,
2,2.4,2.4,1,2.4,0.59,2.3,0.02,2.4,1,2.4,0.79,2.4,0.85,0,
2,2.5,2.5,1,2.5,0.58,2.4,0.01,2.5,1,2.5,0.79,2.5,0.85,0,
2,2.6,2.6,1,2.6,0.59,2.5,0.01,2.6,1,2.6,0.79,2.6,0.85,0,
2,2.7,2.7,1,2.7,0.59,2.4,0.01,2.7,1,2.7,0.79,2.7,0.85,0,
2,2.8,2.8,1,2.8,0.59,3.9,0.02,2.8,1,2.8,0.79,2.8,0.85,0,
2,2.9,2.9,1,2.9,0.58,2.8,0.01,2.9,1,2.9,0.79,2.9,0.85,0,
2,3,3,1,3,0.59,3.2,0.02,3,1,3,0.79,3,0.85,0,
2,3.1,3.1,1,3.1,0.59,3.1,0.01,3.1,1,3.1,0.79,3.1,0.85,0,
2,3.2,3.2,1,3.2,0.59,3.1,0.02,3.2,1,3.2,0.79,3.2,0.85,0,
2,3.3,3.3,1,3.3,0.59,3.1,0.01,3.3,1,3.3,0.79,3.3,0.85,0,
2,3.4,3.4,1,3.4,0.58,3.3,0.02,3.4,1,3.4,0.79,3.4,0.85,0,
2,3.5,3.5,1,3.5,0.59,3.4,0.01,3.5,1,3.5,0.79,3.5,0.85,0,
2,3.6,3.6,1,3.6,0.59,3.5,0.02,3.6,1,3.6,0.79,3.6,0.85,0,
2,3.7,3.7,1,3.7,0.59,3.6,0.03,3.7,1,3.7,0.79,3.7,0.85,0,
2,3.8,3.8,1,3.8,0.59,3.7,0.02,3.8,1,3.8,0.79,3.8,0.85,0,
2,3.9,3.9,1,3.9,0.59,3.9,0.02,3.9,1,3.9,0.79,3.9,0.85,0,
2,4,4,1,4,0.59,4.1,0.05,4,1,4,0.79,4,0.85,0,
2,4.1,4.1,1,4.1,0.59,3.9,0.06,4.1,1,4.1,0.79,4.1,0.85,0,
2,4.2,4.2,1,4.2,0.59,4,0.02,4.2,1,4.2,0.79,4.2,0.85,0,
2,4.3,4.3,1,4.3,0.59,4.3,0.02,4.3,1,4.3,0.8,4.3,0.85,0,
2,4.4,4.4,1,4.4,0.59,4.3,0.03,4.4,1,4.4,0.79,4.4,0.85,0,
2,4.5,4.5,1,4.5,0.59,4.4,0.02,4.5,1,4.5,0.79,4.5,0.85,0,
2,4.6,4.6,1,4.6,0.59,4.6,0.02,4.6,1,4.6,0.8,4.6,0.85,0,
2,4.7,4.7,1,4.7,0.6,4.5,0.08,4.7,1,4.7,0.8,4.7,0.85,0,
2,4.8,4.8,1,4.8,0.6,4.9,0.03,4.8,1,4.8,0.8,4.8,0.85,0,
2,4.9,4.9,1,4.9,0.6,5,0.01,4.9,1,4.9,0.8,4.9,0.85,0,
2,5,5,1,5,0.61,5,0.03,5,1,5,0.81,5,0.85,0,
3,-5,-5,1,-5,0.6,-4.9,0.01,-5,1,-5,0.8,-5,0.85,0,
3,-4.9,-4.9,1,-4.9,0.59,-4,0.02,-4.9,1,-4.9,0.8,-4.9,0.85,0,
3,-4.8,-4.8,1,-4.8,0.59,-4.6,0.02,-4.8,1,-4.8,0.79,-4.8,0.85,0,
3,-4.7,-4.7,1,-4.7,0.58,-4.7,0.01,-4.7,1,-4.7,0.79,-4.7,0.85,0,
3,-4.6,-4.6,1,-4.6,0.58,-4.9,0.02,-4.6,1,-4.6,0.79,-4.6,0.85,0,
3,-4.5,-4.5,1,-4.5,0.58,-4,0.03,-4.5,1,-4.5,0.79,-4.5,0.85,0,
3,-4.4,-4.4,1,-4.4,0.58,-4.9,0.01,-4.4,1,-4.4,0.79,-4.4,0.85,0,
3,-4.3,-4.3,1,-4.3,0.58,-4.3,0.01,-4.3,1,-4.3,0.79,-4.3,0.85,0,
3,-4.2,-4.2,1,-4.2,0.58,-4.6,0.01,-4.2,1,-4.2,0.79,-4.2,0.85,0,
3,-4.1,-4.1,1,-4.1,0.58,-4,0.01,-4.1,1,-4.1,0.79,-4.1,0.85,0,
3,-4,-4,1,-4,0.58,-4.2,0.02,-4,1,-4,0.79,-4,0.85,0,
3,-3.9,-3.9,1,-3.9,0.58,-3.7,0.02,-3.9,1,-3.9,0.79,-3.9,0.85,0,
3,-3.8,-3.8,1,-3.8,0.58,-3.9,0.02,-3.8,1,-3.8,0.79,-3.8,0.85,0,
3,-3.7,-3.7,1,-3.7,0.58,-4,0.02,-3.7,1,-3.7,0.79,-3.7,0.85,0,
3,-3.6,-3.6,1,-3.6,0.58,-3,0.02,-3.6,1,-3.6,0.79,-3.6,0.85,0,
3,-3.5,-3.5,1,-3.5,0.58,-3.2,0.02,-3.5,1,-3.5,0.79,-3.5,0.85,0,
3,-3.4,-3.4,1,-3.4,0.58,-2.9,0.01,-3.4,1,-3.4,0.79,-3.4,0.85,0,
3,-3.3,-3.3,1,-3.3,0.58,-3.3,0.01,-3.3,1,-3.3,0.79,-3.3,0.85,0,
3,-3.2,-3.2,1,-3.2,0.58,-3.1,0.02,-3.2,1,-3.2,0.79,-3.2,0.85,0,
3,-3.1,-3.1,1,-3.1,0.58,-3.6,0.02,-3.1,1,-3.1,0.79,-3.1,0.85,0,
3,-3,-3,1,-3,0.58,-3.4,0.01,-3,1,-3,0.79,-3,0.85,0,
3,-2.9,-2.9,1,-2.9,0.58,-3.1,0.01,-2.9,1,-2.9,0.79,-2.9,0.85,0,
3,-2.8,-2.8,1,-2.8,0.58,-2.4,0.02,-2.8,1,-2.8,0.79,-2.8,0.85,0,
3,-2.7,-2.7,1,-2.7,0.58,-2.7,0.01,-2.7,1,-2.7,0.79,-2.7,0.85,0,
3,-2.6,-2.6,1,-2.6,0.58,-3.1,0.01,-2.6,1,-2.6,0.79,-2.6,0.85,0,
3,-2.5,-2.5,1,-2.5,0.58,-2.3,0.01,-2.5,1,-2.5,0.79,-2.5,0.85,0,
3,-2.4,-2.4,1,-2.4,0.58,-4.3,0.01,-2.4,1,-2.4,0.79,-2.4,0.85,0,
3,-2.3,-2.3,1,-2.3,0.58,-2.4,0.01,-2.3,1,-2.3,0.79,-2.3,0.85,0,
3,-2.2,-2.2,1,-2.2,0.58,-1.9,0.02,-2.2,1,-2.2,0.79,-2.2,0.85,0,
3,-2.1,-2.1,1,-2.1,0.58,-1.9,0.01,-2.1,1,-2.1,0.79,-2.1,0.85,0,
3,-2,-2,1,-2,0.58,-2.5,0.01,-2,1,-2,0.79,-2,0.85,0,
3,-1.9,-1.9,1,-1.9,0.58,-2.1,0.01,-1.9,1,-1.9,0.79,-1.9,0.85,0,
3,-1.8,-1.8,1,-1.8,0.58,-0.3,0.01,-1.8,1,-1.8,0.79,-1.8,0.85,0,
3,-1.7,-1.7,1,-1.7,0.57,1.7,0.01,-1.7,1,-1.7,0.79,-1.7,0.84,0,
3,-1.6,-1.6,1,-1.6,0.58,-1.7,0.01,-1.6,1,-1.6,0.79,-1.6,0.85,0,
3,-1.5,-1.5,1,-1.5,0.58,-1.4,0.02,-1.5,1,-1.5,0.79,-1.5,0.85,0,
3,-1.4,-1.4,1,-1.4,0.58,-1.4,0.02,-1.4,1,-1.4,0.79,-1.4,0.85,0,
3,-1.3,-1.3,1,-1.3,0.58,-1.4,0.01,-1.3,1,-1.3,0.79,-1.3,0.85,0,
3,-1.2,-1.2,1,-1.2,0.58,0.6,0.01,-1.2,1,-1.2,0.79,-1.2,0.85,0,
3,-1.1,-1.1,1,-1.1,0.58,0.8,0.01,-1.1,1,-1.1,0.79,-1.1,0.85,0,
3,-1,-1,1,-1,0.58,-0.8,0.02,-1,1,-1,0.79,-1,0.85,0,
3,-0.9,-0.9,1,-0.9,0.59,-0.8,0.01,-0.9,1,-0.9,0.79,-0.9,0.85,0,
3,-0.8,-0.8,1,-0.8,0.58,-1,0.01,-0.8,1,-0.8,0.79,-0.8,0.85,0,
3,-0.7,-0.7,1,-0.7,0.58,-0.9,0.01,-0.7,1,-0.7,0.79,-0.7,0.85,0,
3,-0.6,-0.6,1,-0.6,0.58,-0.8,0.01,-0.6,1,-0.6,0.79,-0.6,0.85,0,
3,-0.5,-0.5,1,-0.5,0.58,-0.5,0.01,-0.5,1,-0.5,0.79,-0.5,0.85,0,
3,-0.4,-0.4,1,-0.4,0.58,-0.2,0.01,-0.4,1,-0.4,0.79,-0.4,0.85,0,
3,-0.3,-0.3,1,-0.3,0.58,-0.5,0.01,-0.3,1,-0.3,0.79,-0.3,0.85,0,
3,-0.2,-0.2,1,-0.2,0.59,0.7,0.02,-0.2,1,-0.2,0.79,-0.2,0.85,0,
3,-0.1,-0.1,1,-0.1,0.58,0.1,0.01,-0.1,1,-0.1,0.79,-0.1,0.85,0,
3,0,0,1,-0.1,0.57,0,0.02,0,1,-0.05,0.78,-0.04,0.84,0,
3,0.1,0.1,1,0.1,0.58,0.1,0.02,0.1,1,0.1,0.79,0.1,0.85,0,
3,0.2,0.2,1,0.2,0.59,-0.1,0.01,0.2,1,0.2,0.79,0.2,0.85,0,
3,0.3,0.3,1,0.3,0.58,3.2,0.02,0.3,1,0.3,0.79,0.3,0.85,0,
3,0.4,0.4,1,0.4,0.58,-1.4,0.01,0.4,1,0.4,0.79,0.4,0.85,0,
3,0.5,0.5,1,0.5,0.58,0.5,0.01,0.5,1,0.5,0.79,0.5,0.85,0,
3,0.6,0.6,1,0.6,0.58,0.2,0.01,0.6,1,0.6,0.79,0.6,0.85,0,
3,0.7,0.7,1,0.7,0.58,0.1,0.01,0.7,1,0.7,0.79,0.7,0.85,0,
3,0.8,0.8,1,0.8,0.58,-0.1,0.01,0.8,1,0.8,0.79,0.8,0.85,0,
3,0.9,0.9,1,0.9,0.58,1,0.01,0.9,1,0.9,0.79,0.9,0.85,0,
3,1,1,1,1,0.58,1.5,0.02,1,1,1,0.79,1,0.85,0,
3,1.1,1.1,1,1.1,0.58,0.7,0.02,1.1,1,1.1,0.79,1.1,0.85,0,
3,1.2,1.2,1,1.2,0.58,1.1,0.02,1.2,1,1.2,0.79,1.2,0.85,0,
3,1.3,1.3,1,1.3,0.58,1,0.01,1.3,1,1.3,0.79,1.3,0.85,0,
3,1.4,1.4,1,1.4,0.58,1.4,0.01,1.4,1,1.4,0.79,1.4,0.85,0,
3,1.5,1.5,1,1.5,0.59,1.1,0.02,1.5,1,1.5,0.79,1.5,0.85,0,
3,1.6,1.6,1,1.6,0.58,2.3,0.01,1.6,1,1.6,0.79,1.6,0.85,0,
3,1.7,1.7,1,1.7,0.58,1.1,0.01,1.7,1,1.7,0.79,1.7,0.84,0,
3,1.8,1.8,1,1.8,0.58,1.4,0.01,1.8,1,1.8,0.79,1.8,0.85,0,
3,1.9,1.9,1,1.9,0.58,2.1,0.02,1.9,1,1.9,0.79,1.9,0.85,0,
3,2,2,1,2,0.58,1.5,0.01,2,1,2,0.79,2,0.85,0,
3,2.1,2.1,1,2.1,0.58,1.8,0.02,2.1,1,2.1,0.79,2.1,0.85,0,
3,2.2,2.2,1,2.2,0.58,1.9,0.02,2.2,1,2.2,0.79,2.2,0.85,0,
3,2.3,2.3,1,2.3,0.58,3.1,0.01,2.3,1,2.3,0.79,2.3,0.85,0,
3,2.4,2.4,1,2.4,0.58,-0.9,0.01,2.4,1,2.4,0.79,2.4,0.85,0,
3,2.5,2.5,1,2.5,0.58,0.9,0.02,2.5,1,2.5,0.79,2.5,0.85,0,
3,2.6,2.6,1,2.6,0.58,1.9,0.02,2.6,1,2.6,0.79,2.6,0.85,0,
3,2.7,2.7,1,2.7,0.58,2.3,0.02,2.7,1,2.7,0.79,2.7,0.85,0,
3,2.8,2.8,1,2.8,0.58,2.3,0.01,2.8,1,2.8,0.79,2.8,0.85,0,
3,2.9,2.9,1,2.9,0.58,2.6,0.01,2.9,1,2.9,0.79,2.9,0.85,0,
3,3,3,1,3,0.58,2.7,0.03,3,1,3,0.79,3,0.85,0,
3,3.1,3.1,1,3.1,0.58,3,0.01,3.1,1,3.1,0.79,3.1,0.85,0,
3,3.2,3.2,1,3.2,0.58,3,0.01,3.2,1,3.2,0.79,3.2,0.85,0,
3,3.3,3.3,1,3.3,0.58,3.2,0.04,3.3,1,3.3,0.79,3.3,0.85,0,
3,3.4,3.4,1,3.4,0.58,3.2,0.01,3.4,1,3.4,0.79,3.4,0.85,0,
3,3.5,3.5,1,3.5,0.58,3.8,0.03,3.5,1,3.5,0.79,3.5,0.85,0,
3,3.6,3.6,1,3.6,0.58,3.4,0.01,3.6,1,3.6,0.79,3.6,0.85,0,
3,3.7,3.7,1,3.7,0.58,3.6,0.02,3.7,1,3.7,0.79,3.7,0.85,0,
3,3.8,3.8,1,3.8,0.58,3.5,0.03,3.8,1,3.8,0.79,3.8,0.85,0,
3,3.9,3.9,1,3.9,0.58,3.6,0.02,3.9,1,3.9,0.79,3.9,0.85,0,
3,4,4,1,4,0.58,4,0.01,4,1,4,0.79,4,0.85,0,
3,4.1,4.1,1,4.1,0.58,3.5,0.04,4.1,1,4.1,0.79,4.1,0.85,0,
3,4.2,4.2,1,4.2,0.58,3.8,0.03,4.2,1,4.2,0.79,4.2,0.85,0,
3,4.3,4.3,1,4.3,0.58,3.5,0.02,4.3,1,4.3,0.79,4.3,0.85,0,
3,4.4,4.4,1,4.4,0.58,4.1,0.02,4.4,1,4.4,0.79,4.4,0.85,0,
3,4.5,4.5,1,4.5,0.58,4.3,0.02,4.5,1,4.5,0.79,4.5,0.85,0,
3,4.6,4.6,1,4.6,0.58,4.6,0.02,4.6,1,4.6,0.79,4.6,0.85,0,
3,4.7,4.7,1,4.7,0.58,4.2,0.05,4.7,1,4.7,0.79,4.7,0.85,0,
3,4.8,4.8,1,4.8,0.59,4.9,0.02,4.8,1,4.8,0.79,4.8,0.85,0,
3,4.9,4.9,1,4.9,0.59,4.2,0.02,4.9,1,4.9,0.8,4.9,0.85,0,
3,5,5,1,5,0.6,4.7,0.04,5,1,5,0.8,5,0.85,0,
4,-5,-5,0.52,-5,0.53,-5,1,-5,1,-5,0.68,-5,0.76,0,
4,-4.9,-5,0.51,-5,0.53,-4.9,1,-4.9,1,-4.97,0.68,-4.95,0.76,0,
4,-4.8,-4.9,0.51,-5,0.53,-4.7,1,-4.7,1,-4.87,0.68,-4.83,0.76,1,
4,-4.7,-4.8,0.51,-4.9,0.53,-4.7,0.34,-4.9,0.53,-4.8,0.46,-4.81,0.47,1,
4,-4.6,-4.8,0.27,-4.7,0.53,-4.6,0.53,-4.7,0.53,-4.7,0.44,-4.68,0.47,1,
4,-4.5,-4.6,0.35,-4.5,0.53,-4.4,1,-4.4,1,-4.45,0.76,-4.43,0.84,1,
4,-4.4,-4.6,0.35,-4.6,0.53,-4.4,1,-4.4,1,-4.5,0.76,-4.47,0.84,0,
4,-4.3,-4.3,0.29,-4.3,0.53,-4.2,0.35,-4.3,0.53,-4.27,0.39,-4.27,0.42,0,
4,-4.2,-4.2,0.27,-4.2,0.53,-4.1,0.34,-4.2,0.53,-4.17,0.38,-4.17,0.41,0,
4,-4.1,-4.2,0.34,-4.2,0.53,-4.1,1,-4.1,1,-4.15,0.76,-4.13,0.84,0,
4,-4,-4.1,0.35,-4.1,0.53,-3.9,0.35,-4.1,0.53,-4.03,0.41,-4.04,0.43,1,
4,-3.9,-3.9,0.34,-4.1,0.53,-3.8,1,-3.8,1,-3.95,0.76,-3.9,0.84,1,
4,-3.8,-3.9,0.52,-4,0.53,-3.8,1,-3.8,1,-3.9,0.68,-3.88,0.76,0,
4,-3.7,-3.8,0.35,-3.8,0.53,-3.6,1,-3.6,1,-3.7,0.76,-3.67,0.84,1,
4,-3.6,-3.7,0.34,-3.7,0.53,-3.6,0.36,-3.7,0.53,-3.67,0.41,-3.67,0.43,1,
4,-3.5,-3.6,0.53,-3.5,0.52,-3.5,0.35,-3.6,0.53,-3.53,0.47,-3.54,0.48,1,
4,-3.4,-3.6,1,-3.5,0.53,-3.3,1,-3.6,1,-3.47,0.84,-3.46,0.9,1,
4,-3.3,-3.4,0.35,-3.4,0.53,-3.3,0.35,-3.4,0.53,-3.37,0.41,-3.37,0.42,1,
4,-3.2,-3.2,0.51,-3.3,0.53,-3.2,0.36,-3.3,0.53,-3.23,0.47,-3.24,0.48,1,
4,-3.1,-3.2,0.35,-3.2,0.53,-3,1,-3,1,-3.1,0.76,-3.07,0.84,1,
4,-3,-3.1,0.35,-3.2,0.53,-3,1,-3,1,-3.1,0.76,-3.07,0.84,0,
4,-2.9,-3,0.35,-3,0.53,-2.9,1,-2.9,1,-2.95,0.76,-2.93,0.84,0,
4,-2.8,-2.9,0.51,-2.9,0.53,-2.7,1,-2.7,1,-2.83,0.68,-2.8,0.75,1,
4,-2.7,-2.9,0.52,-2.9,0.53,-2.7,1,-2.7,1,-2.83,0.68,-2.8,0.76,0,
4,-2.6,-2.8,0.26,-2.5,0.52,-2.6,1,-2.6,1,-2.55,0.76,-2.57,0.84,0,
4,-2.5,-2.5,0.5,-2.6,0.53,-2.4,0.53,-2.6,0.53,-2.5,0.52,-2.5,0.52,1,
4,-2.4,-2.5,0.5,-2.6,0.52,-2.4,1,-2.4,1,-2.5,0.68,-2.48,0.75,0,
4,-2.3,-2.4,0.51,-2.6,0.52,-2.3,1,-2.3,1,-2.43,0.68,-2.4,0.75,0,
4,-2.2,-2.4,0.35,-2.1,0.53,-2.1,0.53,-2.1,0.53,-2.2,0.47,-2.17,0.48,1,
4,-2.1,-2.3,0.34,-2.1,0.53,-2.1,1,-2.1,1,-2.1,0.76,-2.1,0.84,0,
4,-2,-2,0.26,-2.3,0.52,-2,1,-2,1,-2.15,0.76,-2.1,0.84,0,
4,-1.9,-1.9,0.51,-1.9,0.53,-1.8,0.52,-1.9,0.53,-1.87,0.52,-1.87,0.52,0,
4,-1.8,-1.9,1,-1.8,0.53,-1.8,1,-1.9,1,-1.83,0.84,-1.84,0.9,1,
4,-1.7,-1.9,0.51,-1.8,0.53,-1.7,1,-1.7,1,-1.8,0.68,-1.78,0.75,0,
4,-1.6,-1.8,0.34,-1.6,0.52,-1.5,1,-1.5,1,-1.55,0.76,-1.53,0.84,1,
4,-1.5,-1.5,0.52,-1.6,0.53,-1.4,1,-1.4,1,-1.5,0.68,-1.48,0.76,1,
4,-1.4,-1.5,0.51,-1.5,0.52,-1.4,1,-1.4,1,-1.47,0.68,-1.45,0.76,0,
4,-1.3,-1.4,0.53,-1.5,0.53,-1.2,1,-1.2,1,-1.37,0.68,-1.33,0.76,1,
4,-1.2,-1.4,0.52,-1.2,0.52,-1.1,1,-1.1,1,-1.23,0.68,-1.2,0.76,1,
4,-1.1,-1.1,0.34,-1.2,0.53,-1.1,1,-1.1,1,-1.15,0.76,-1.13,0.84,0,
4,-1,-1,0.5,-1.2,0.52,-0.9,1,-0.9,1,-1.05,0.76,-1,0.84,1,
4,-0.9,-1,1,-0.9,0.53,-0.8,1,-1,1,-0.9,0.84,-0.9,0.9,1,
4,-0.8,-1,0.51,-0.9,0.53,-0.8,0.51,-0.9,0.53,-0.9,0.51,-0.9,0.51,1,
4,-0.7,-0.9,0.26,-0.8,0.53,-0.7,0.5,-0.8,0.53,-0.75,0.51,-0.75,0.51,1,
4,-0.6,-0.6,0.5,-0.7,0.53,-0.5,1,-0.5,1,-0.6,0.68,-0.58,0.75,1,
4,-0.5,-0.6,1,-0.6,0.53,-0.5,0.36,-0.6,1,-0.6,0.76,-0.6,0.84,1,
4,-0.4,-0.5,0.5,-0.5,0.53,-0.4,1,-0.4,1,-0.47,0.68,-0.45,0.75,0,
4,-0.3,-0.3,0.53,-0.5,0.53,-0.2,0.25,-0.3,0.53,-0.4,0.53,-0.4,0.53,0,
4,-0.2,-0.2,0.5,-0.5,0.52,0,0.21,-0.5,0.52,-0.35,0.51,-0.35,0.51,1,
4,-0.1,-0.2,0.51,0,0.53,-0.1,0.5,0,0.53,-0.1,0.51,-0.1,0.51,1,
4,0,0,1,-0.2,0.53,0,1,0,1,-0.07,0.84,-0.04,0.9,0,
4,0.1,0,0.53,0,0.54,0.1,0.5,0,0.54,0.03,0.52,0.03,0.52,1,
4,0.2,0.1,0.26,0.1,0.52,0.2,0.5,0.1,0.52,0.15,0.51,0.15,0.51,1,
4,0.3,0.2,0.35,0.1,0.52,0.2,0.51,0.1,0.52,0.17,0.46,0.16,0.47,1,
4,0.4,0.4,0.35,0,0.53,0.4,0.53,0,0.53,0.27,0.47,0.25,0.48,1,
4,0.5,0.4,0.51,0,0.53,0.5,0.52,0,0.53,0.3,0.52,0.3,0.52,1,
4,0.6,0.5,0.53,0.4,0.53,0.5,1,0.5,1,0.47,0.68,0.47,0.76,1,
4,0.7,0.5,1,0.4,0.52,0.7,0.51,0.5,1,0.53,0.68,0.52,0.75,1,
4,0.8,0.8,0.52,0.8,0.53,0.8,0.36,0.8,0.53,0.8,0.47,0.8,0.48,0,
4,0.9,0.8,1,0.9,0.52,0.8,1,0.8,1,0.83,0.84,0.82,0.9,1,
4,1,0.8,0.53,0.8,0.52,0.9,0.53,0.8,0.53,0.83,0.53,0.83,0.53,1,
4,1.1,1.1,0.34,0.9,0.53,1.1,1,1.1,1,1,0.76,1.03,0.84,0,
4,1.2,1.2,0.5,1.1,0.53,1.1,0.52,1.1,0.53,1.13,0.52,1.13,0.52,1,
4,1.3,1.2,1,1.1,0.53,1.2,0.51,1.2,1,1.17,0.68,1.17,0.75,1,
4,1.4,1.2,0.34,1.4,0.52,1.4,1,1.4,1,1.4,0.76,1.4,0.84,0,
4,1.5,1.5,0.36,1.5,0.52,1.4,0.35,1.5,0.52,1.47,0.41,1.47,0.43,0,
4,1.6,1.6,0.5,1.5,0.53,1.5,0.52,1.5,0.53,1.53,0.52,1.53,0.52,1,
4,1.7,1.6,0.51,1.7,0.53,1.7,0.52,1.7,0.53,1.67,0.52,1.67,0.52,0,
4,1.8,1.6,0.52,1.7,0.53,1.8,0.52,1.7,0.53,1.7,0.52,1.7,0.52,1,
4,1.9,1.9,0.52,1.8,0.53,1.8,1,1.8,1,1.83,0.68,1.83,0.76,1,
4,2,1.9,0.52,1.8,0.53,2,0.5,1.8,0.53,1.9,0.51,1.9,0.51,1,
4,2.1,2,0.51,2,0.53,2.1,0.51,2,0.53,2.03,0.52,2.03,0.52,1,
4,2.2,2,0.35,2.1,0.53,2.1,1,2.1,1,2.1,0.76,2.1,0.84,1,
4,2.3,2.3,0.5,2.1,0.53,2.3,1,2.3,1,2.23,0.68,2.25,0.75,0,
4,2.4,2.4,0.5,2.2,0.52,2.4,1,2.4,1,2.33,0.68,2.35,0.75,0,
4,2.5,2.4,0.53,2.5,0.52,2.4,1,2.4,1,2.43,0.68,2.43,0.76,1,
4,2.6,2.4,0.35,2.4,0.53,2.6,1,2.6,1,2.5,0.76,2.53,0.84,0,
4,2.7,2.7,0.5,2.5,0.52,2.7,1,2.7,1,2.63,0.68,2.65,0.75,0,
4,2.8,2.7,0.51,2.8,0.52,2.7,0.5,2.8,0.52,2.73,0.51,2.73,0.51,0,
4,2.9,2.8,0.53,2.9,0.53,2.9,1,2.9,1,2.87,0.68,2.87,0.76,0,
4,3,3,0.34,2.8,0.52,3,1,3,1,2.9,0.76,2.93,0.84,0,
4,3.1,3.1,0.34,3,0.52,3,0.35,3,0.52,3.03,0.41,3.03,0.42,1,
4,3.2,3.1,0.52,3,0.53,3.2,0.53,3.2,0.53,3.1,0.52,3.1,0.52,0,
4,3.3,3.2,1,3.2,0.53,3.3,0.52,3.2,1,3.23,0.68,3.23,0.76,1,
4,3.4,3.4,0.34,3.3,0.52,3.3,1,3.3,1,3.3,0.76,3.3,0.84,1,
4,3.5,3.5,0.5,3.3,0.52,3.5,1,3.5,1,3.4,0.76,3.43,0.84,0,
4,3.6,3.5,0.51,3.6,0.53,3.6,0.51,3.6,0.53,3.57,0.52,3.57,0.52,0,
4,3.7,3.6,0.5,3.7,0.52,3.6,1,3.6,1,3.63,0.68,3.63,0.75,1,
4,3.8,3.6,1,3.6,0.53,3.8,1,3.6,1,3.67,0.84,3.68,0.9,1,
4,3.9,3.9,0.52,3.7,0.52,3.8,1,3.8,1,3.8,0.68,3.8,0.76,1,
4,4,3.9,0.51,3.9,0.53,3.9,1,3.9,1,3.9,0.68,3.9,0.75,1,
4,4.1,4,1,4,0.53,4.1,1,4,1,4.03,0.84,4.04,0.9,1,
4,4.2,4.3,0.27,4.1,0.53,4.1,0.52,4.1,0.53,4.17,0.44,4.14,0.47,1,
4,4.3,4.3,0.35,4.1,0.53,4.2,0.52,4.1,0.53,4.2,0.47,4.19,0.48,1,
4,4.4,4.4,0.51,4.3,0.53,4.4,1,4.4,1,4.37,0.68,4.37,0.75,0,
4,4.5,4.4,0.52,4.4,0.53,4.4,0.51,4.4,0.53,4.4,0.52,4.4,0.52,1,
4,4.6,4.4,0.35,4.5,0.53,4.6,1,4.6,1,4.55,0.76,4.57,0.84,0,
4,4.7,4.7,0.35,4.6,0.53,4.7,1,4.7,1,4.65,0.76,4.67,0.84,0,
4,4.8,4.8,0.5,4.7,0.53,4.7,0.52,4.7,0.53,4.73,0.52,4.73,0.52,1,
4,4.9,4.8,0.52,4.8,0.53,4.9,0.53,4.8,0.53,4.83,0.52,4.83,0.52,1,
4,5,4.8,0.51,5,0.53,5,0.51,5,0.53,4.93,0.52,4.93,0.52,0,
5,-5,-5,0.3,-4.9,0.55,-4.9,0.35,-4.9,0.55,-4.93,0.4,-4.93,0.43,1,
5,-4.9,-4.8,0.67,-4.8,0.55,-4.8,0.35,-4.8,0.67,-4.8,0.52,-4.8,0.56,1,
5,-4.8,-4.7,0.52,-4.7,0.55,-4.8,0.35,-4.7,0.55,-4.73,0.47,-4.72,0.49,1,
5,-4.7,-4.6,0.86,-4.6,0.55,-4.6,0.51,-4.6,0.86,-4.6,0.64,-4.6,0.68,1,
5,-4.6,-4.5,0.67,-4.5,0.54,-4.6,0.35,-4.5,0.67,-4.53,0.52,-4.52,0.56,1,
5,-4.5,-4.4,0.68,-4.4,0.55,-4.4,0.51,-4.4,0.68,-4.4,0.58,-4.4,0.59,1,
5,-4.4,-4.3,0.51,-4.3,0.54,-4.4,0.35,-4.3,0.54,-4.33,0.47,-4.33,0.48,1,
5,-4.3,-4.2,0.43,-4.2,0.54,-4.2,0.51,-4.2,0.54,-4.2,0.5,-4.2,0.5,1,
5,-4.2,-4.1,0.51,-4.1,0.54,-4.1,0.51,-4.1,0.54,-4.1,0.52,-4.1,0.52,1,
5,-4.1,-4,0.78,-4,0.54,-4.1,0.35,-4,0.78,-4,0.66,-4,0.68,1,
5,-4,-3.9,0.83,-3.9,0.54,-3.9,0.26,-3.9,0.83,-3.9,0.69,-3.9,0.72,1,
5,-3.9,-3.8,0.61,-3.8,0.54,-3.9,0.35,-3.8,0.61,-3.83,0.5,-3.82,0.53,1,
5,-3.8,-3.8,0.28,-3.7,0.54,-3.7,0.35,-3.7,0.54,-3.73,0.39,-3.72,0.42,1,
5,-3.7,-3.6,0.61,-3.6,0.54,-3.6,0.51,-3.6,0.61,-3.6,0.55,-3.6,0.56,1,
5,-3.6,-3.5,0.59,-3.5,0.54,-3.6,0.35,-3.5,0.59,-3.53,0.5,-3.52,0.52,1,
5,-3.5,-3.4,1,-3.4,0.54,-3.4,0.35,-3.4,1,-3.4,0.77,-3.4,0.84,1,
5,-3.4,-3.3,0.68,-3.3,0.54,-3.4,0.35,-3.3,0.68,-3.33,0.52,-3.32,0.56,1,
5,-3.3,-3.2,0.44,-3.2,0.54,-3.2,0.52,-3.2,0.54,-3.2,0.5,-3.2,0.5,1,
5,-3.2,-3.1,0.56,-3.1,0.54,-3.2,0.35,-3.1,0.56,-3.13,0.48,-3.12,0.5,1,
5,-3.1,-3.1,0.07,-3,0.54,-3.1,0.35,-3,0.54,-3.05,0.45,-3.04,0.47,1,
5,-3,-2.9,0.76,-2.9,0.54,-2.9,0.51,-2.9,0.76,-2.9,0.6,-2.9,0.62,1,
5,-2.9,-2.8,0.44,-2.8,0.54,-2.9,0.35,-2.8,0.54,-2.83,0.44,-2.83,0.46,1,
5,-2.8,-2.7,0.56,-2.7,0.54,-2.7,0.35,-2.7,0.56,-2.7,0.48,-2.7,0.5,1,
5,-2.7,-2.6,0.41,-2.6,0.54,-2.6,0.51,-2.6,0.54,-2.6,0.49,-2.6,0.49,1,
5,-2.6,-2.5,0.78,-2.5,0.54,-2.6,0.5,-2.5,0.78,-2.53,0.61,-2.53,0.63,1,
5,-2.5,-2.4,0.68,-2.4,0.54,-2.4,0.35,-2.4,0.68,-2.4,0.52,-2.4,0.56,1,
5,-2.4,-2.4,0.26,-2.3,0.54,-2.4,0.35,-2.3,0.54,-2.35,0.44,-2.34,0.47,1,
5,-2.3,-2.2,0.69,-2.2,0.54,-2.2,0.35,-2.2,0.69,-2.2,0.53,-2.2,0.56,1,
5,-2.2,-2.1,0.88,-2.1,0.54,-2.1,0.34,-2.1,0.88,-2.1,0.71,-2.1,0.75,1,
5,-2.1,-2,0.52,-2,0.54,-2.1,0.35,-2,0.54,-2.03,0.47,-2.02,0.49,1,
5,-2,-1.9,0.53,-1.9,0.54,-1.8,0.53,-1.9,0.54,-1.87,0.53,-1.87,0.53,1,
5,-1.9,-1.8,0.88,-1.8,0.54,-1.9,0.35,-1.8,0.88,-1.8,0.71,-1.8,0.75,1,
5,-1.8,-1.7,0.85,-1.7,0.54,-1.8,0.52,-1.7,0.85,-1.73,0.64,-1.73,0.68,1,
5,-1.7,-1.6,0.41,-1.6,0.54,-1.6,0.26,-1.6,0.54,-1.6,0.48,-1.6,0.48,1,
5,-1.6,-1.5,0.66,-1.5,0.54,-1.6,0.35,-1.5,0.66,-1.53,0.52,-1.52,0.55,1,
5,-1.5,-1.4,0.56,-1.4,0.54,-1.4,0.35,-1.4,0.56,-1.4,0.48,-1.4,0.5,1,
5,-1.4,-1.3,0.67,-1.3,0.54,-1.3,0.52,-1.3,0.67,-1.3,0.58,-1.3,0.59,1,
5,-1.3,-1.2,0.59,-1.2,0.54,-1.3,0.5,-1.2,0.59,-1.23,0.54,-1.23,0.55,1,
5,-1.2,-1.2,0.08,-1.1,0.54,-1.1,0.52,-1.1,0.54,-1.1,0.53,-1.1,0.53,1,
5,-1.1,-1,0.75,-1,0.54,-1.1,0.34,-1,0.75,-1,0.65,-1,0.66,1,
5,-1,-0.9,0.27,-0.9,0.54,-1,0.51,-0.9,0.54,-0.95,0.53,-0.95,0.53,1,
5,-0.9,-0.8,0.63,-0.8,0.54,-0.7,0.26,-0.8,0.63,-0.8,0.59,-0.8,0.59,1,
5,-0.8,-0.7,1,-0.7,0.54,-0.8,0.35,-0.7,1,-0.7,0.77,-0.7,0.84,1,
5,-0.7,-0.6,1,-0.6,0.54,-0.6,0.51,-0.6,1,-0.6,0.68,-0.6,0.76,1,
5,-0.6,-0.6,0.4,-0.5,0.54,-0.5,0.35,-0.5,0.54,-0.53,0.43,-0.53,0.45,1,
5,-0.5,-0.4,0.87,-0.4,0.54,-0.5,0.35,-0.4,0.87,-0.4,0.71,-0.4,0.75,1,
5,-0.4,-0.3,0.69,-0.3,0.55,-0.3,0.34,-0.3,0.69,-0.3,0.62,-0.3,0.63,1,
5,-0.3,-0.2,0.44,-0.1,0.55,-0.2,0.26,-0.1,0.55,-0.15,0.49,-0.14,0.5,1,
5,-0.2,0,0.27,-0.1,0.54,-0.2,0.35,-0.1,0.54,-0.15,0.45,-0.14,0.47,1,
5,-0.1,0,1,0,0.55,0,0.36,0,1,0,0.77,0,0.84,1,
5,0,0,0.51,0,0.56,0,1,0,1,0,0.69,0,0.76,0,
5,0.1,0.3,0.18,0.1,0.54,0,0.35,0.1,0.54,0.05,0.45,0.06,0.47,0,
5,0.2,0.3,1,0.4,0.54,0.2,0.35,0.3,1,0.35,0.77,0.34,0.84,1,
5,0.3,0.4,0.68,0.4,0.54,0.2,0.51,0.4,0.68,0.33,0.58,0.34,0.59,1,
5,0.4,0.5,0.81,0.5,0.54,0.3,0.35,0.5,0.81,0.5,0.68,0.5,0.7,1,
5,0.5,0.6,0.6,0.6,0.54,0.5,0.51,0.6,0.6,0.57,0.55,0.57,0.56,1,
5,0.6,0.7,0.64,0.7,0.54,0.5,0.52,0.7,0.64,0.63,0.57,0.64,0.57,1,
5,0.7,0.8,0.76,0.8,0.54,0.6,0.5,0.8,0.76,0.73,0.6,0.74,0.62,1,
5,0.8,0.8,0.5,0.9,0.54,0.8,0.52,0.9,0.54,0.83,0.52,0.83,0.52,1,
5,0.9,1,0.51,1,0.54,0.8,0.35,1,0.54,0.93,0.46,0.95,0.48,1,
5,1,1.1,0.84,1.1,0.54,1,0.51,1.1,0.84,1.07,0.63,1.07,0.66,1,
5,1.1,1.2,0.36,1.2,0.54,1.2,0.26,1.2,0.54,1.2,0.45,1.2,0.47,1,
5,1.2,1.2,0.11,1.3,0.54,1.1,0.35,1.3,0.54,1.2,0.45,1.22,0.47,1,
5,1.3,1.5,0.29,1.4,0.54,1.3,0.51,1.4,0.54,1.4,0.45,1.38,0.47,1,
5,1.4,1.5,0.26,1.5,0.54,1.3,0.51,1.5,0.54,1.4,0.52,1.4,0.52,1,
5,1.5,1.5,0.28,1.6,0.54,1.3,0.34,1.6,0.54,1.47,0.39,1.49,0.42,1,
5,1.6,1.7,0.79,1.7,0.54,1.6,0.35,1.7,0.79,1.7,0.67,1.7,0.69,1,
5,1.7,1.8,0.5,1.8,0.54,1.6,0.34,1.8,0.54,1.73,0.46,1.75,0.48,1,
5,1.8,2,0.23,1.9,0.54,1.8,0.5,1.9,0.54,1.85,0.52,1.85,0.52,1,
5,1.9,2,1,2,0.54,2,0.5,2,1,2,0.68,2,0.76,1,
5,2,2.1,1,2.1,0.54,1.9,0.35,2.1,1,2.1,0.77,2.1,0.84,1,
5,2.1,2.2,0.59,2.2,0.54,2.1,0.52,2.2,0.59,2.17,0.55,2.17,0.55,1,
5,2.2,2.3,0.72,2.3,0.54,2.1,0.34,2.3,0.72,2.3,0.63,2.3,0.64,1,
5,2.3,2.4,0.58,2.4,0.54,2.1,0.34,2.4,0.58,2.3,0.49,2.33,0.51,1,
5,2.4,2.5,0.39,2.5,0.54,2.4,0.52,2.5,0.54,2.47,0.48,2.46,0.49,1,
5,2.5,2.6,0.88,2.6,0.54,2.4,0.35,2.6,0.88,2.6,0.71,2.6,0.75,1,
5,2.6,2.7,0.61,2.7,0.54,2.7,0.35,2.7,0.61,2.7,0.5,2.7,0.53,1,
5,2.7,2.7,0.51,2.8,0.54,2.6,0.36,2.8,0.54,2.7,0.47,2.71,0.48,1,
5,2.8,2.9,1,2.9,0.54,2.7,0.35,2.9,1,2.9,0.77,2.9,0.84,1,
5,2.9,3,0.75,3,0.54,2.9,0.35,3,0.75,3,0.65,3,0.66,1,
5,3,3,0.34,3.1,0.54,2.9,0.34,3.1,0.54,3,0.41,3.02,0.43,1,
5,3.1,3.1,0.1,3.2,0.54,3.1,0.35,3.2,0.54,3.15,0.45,3.16,0.47,1,
5,3.2,3.3,0.68,3.3,0.54,3.1,0.51,3.3,0.68,3.23,0.58,3.24,0.59,1,
5,3.3,3.4,0.5,3.4,0.54,3.2,0.35,3.4,0.54,3.33,0.46,3.35,0.48,1,
5,3.4,3.5,0.7,3.5,0.54,3.4,0.5,3.5,0.7,3.47,0.58,3.47,0.59,1,
5,3.5,3.6,0.72,3.6,0.54,3.4,0.52,3.6,0.72,3.53,0.6,3.54,0.61,1,
5,3.6,3.7,0.35,3.7,0.54,3.6,0.52,3.7,0.54,3.67,0.47,3.66,0.49,1,
5,3.7,3.8,0.58,3.8,0.54,3.6,0.51,3.8,0.58,3.73,0.54,3.74,0.55,1,
5,3.8,3.9,0.84,3.9,0.54,3.7,0.35,3.9,0.84,3.9,0.69,3.9,0.72,1,
5,3.9,4,0.53,4,0.54,3.9,0.36,4,0.54,3.97,0.48,3.97,0.49,1,
5,4,4,0.26,4.1,0.54,3.9,0.5,4.1,0.54,4,0.52,4,0.52,1,
5,4.1,4.2,0.81,4.2,0.54,4,0.34,4.2,0.81,4.2,0.67,4.2,0.7,1,
5,4.2,4.3,1,4.3,0.54,4.1,0.36,4.3,1,4.3,0.77,4.3,0.84,1,
5,4.3,4.4,0.62,4.4,0.54,4.2,0.36,4.4,0.62,4.33,0.51,4.35,0.53,1,
5,4.4,4.5,0.86,4.5,0.55,4.4,0.51,4.5,0.86,4.47,0.64,4.47,0.68,1,
5,4.5,4.6,0.81,4.6,0.55,4.4,0.52,4.6,0.81,4.53,0.62,4.54,0.65,1,
5,4.6,4.7,0.27,4.7,0.55,4.6,0.35,4.7,0.55,4.65,0.45,4.66,0.47,1,
5,4.7,4.7,0.2,4.8,0.55,4.7,0.34,4.8,0.55,4.75,0.44,4.76,0.47,1,
5,4.8,4.9,0.84,4.9,0.55,4.8,0.35,4.9,0.84,4.9,0.69,4.9,0.72,1,
5,4.9,5,0.68,5,0.55,4.8,0.35,5,0.68,4.93,0.53,4.96,0.56,1,
5,5,5.1,0.67,5,0.55,4.9,0.35,5.1,0.67,5,0.52,5.02,0.56,1,
6,-5,-4.9,0.47,-4.9,0.55,-4.9,0.26,-4.9,0.55,-4.9,0.51,-4.9,0.52,1,
6,-4.9,-4.8,0.62,-4.8,0.55,-4.9,0.51,-4.8,0.62,-4.83,0.56,-4.83,0.56,1,
6,-4.8,-4.6,0.38,-4.7,0.55,-4.6,0.21,-4.7,0.55,-4.65,0.47,-4.66,0.48,1,
6,-4.7,-4.6,0.61,-4.6,0.55,-4.7,0.35,-4.6,0.61,-4.63,0.5,-4.62,0.53,1,
6,-4.6,-4.5,0.45,-4.5,0.55,-4.5,0.21,-4.5,0.55,-4.5,0.5,-4.5,0.51,1,
6,-4.5,-4.4,0.54,-4.4,0.55,-4.5,0.52,-4.4,0.55,-4.43,0.53,-4.43,0.53,1,
6,-4.4,-4.2,0.41,-4.3,0.55,-4.2,0.26,-4.3,0.55,-4.25,0.48,-4.26,0.49,1,
6,-4.3,-4.1,0.46,-4.2,0.55,-4.3,0.35,-4.2,0.55,-4.2,0.45,-4.19,0.47,1,
6,-4.2,-4,0.37,-4,0.55,-4.2,0.35,-4,0.55,-4.07,0.42,-4.06,0.44,1,
6,-4.1,-4,0.51,-4,0.55,-3.9,0.26,-4,0.55,-4,0.53,-4,0.53,1,
6,-4,-3.9,1,-3.8,0.54,-4,0.53,-3.9,1,-3.9,0.69,-3.9,0.76,1,
6,-3.9,-3.7,0.4,-3.8,0.55,-3.7,0.26,-3.8,0.55,-3.75,0.47,-3.76,0.48,1,
6,-3.8,-3.6,0.42,-3.7,0.54,-3.8,0.52,-3.7,0.54,-3.7,0.49,-3.71,0.5,1,
6,-3.7,-3.6,0.58,-3.6,0.55,-3.5,0.26,-3.6,0.58,-3.6,0.56,-3.6,0.56,1,
6,-3.6,-3.5,0.67,-3.5,0.54,-3.4,0.26,-3.5,0.67,-3.5,0.61,-3.5,0.61,1,
6,-3.5,-3.3,0.36,-3.4,0.54,-3.5,0.51,-3.4,0.54,-3.4,0.47,-3.41,0.49,1,
6,-3.4,-3.3,0.48,-3.3,0.54,-3.2,0.21,-3.3,0.54,-3.3,0.51,-3.3,0.51,1,
6,-3.3,-3.1,0.68,-3.2,0.54,-3.3,0.51,-3.1,0.68,-3.2,0.58,-3.19,0.58,1,
6,-3.2,-3,0.31,-3.1,0.54,-3,0.26,-3.1,0.54,-3.05,0.43,-3.06,0.46,1,
6,-3.1,-3,0.6,-3,0.54,-3.1,0.35,-3,0.6,-3.03,0.5,-3.02,0.52,1,
6,-3,-2.8,0.34,-2.9,0.54,-3,0.35,-2.9,0.54,-2.9,0.41,-2.9,0.43,1,
6,-2.9,-2.8,0.51,-2.8,0.54,-2.7,0.34,-2.8,0.54,-2.77,0.46,-2.78,0.48,1,
6,-2.8,-2.6,0.46,-2.7,0.54,-2.8,0.35,-2.7,0.54,-2.7,0.45,-2.69,0.47,1,
6,-2.7,-2.6,0.51,-2.6,0.54,-2.6,0.34,-2.6,0.54,-2.6,0.47,-2.6,0.48,1,
6,-2.6,-2.4,0.4,-2.5,0.54,-2.6,0.35,-2.5,0.54,-2.5,0.43,-2.5,0.45,1,
6,-2.5,-2.3,0.34,-2.4,0.54,-2.5,0.34,-2.4,0.54,-2.4,0.41,-2.4,0.43,1,
6,-2.4,-2.3,0.61,-2.3,0.54,-2.3,0.5,-2.3,0.61,-2.3,0.55,-2.3,0.56,1,
6,-2.3,-2.2,0.51,-2.2,0.54,-2.2,0.34,-2.2,0.54,-2.2,0.47,-2.2,0.48,1,
6,-2.2,-2.1,0.44,-2.1,0.54,-2.1,0.26,-2.1,0.54,-2.1,0.49,-2.1,0.5,1,
6,-2.1,-1.9,0.67,-2,0.54,-2,0.35,-1.9,0.67,-1.97,0.52,-1.96,0.56,1,
6,-2,-1.9,0.75,-1.9,0.54,-2,0.26,-1.9,0.75,-1.9,0.65,-1.9,0.66,1,
6,-1.9,-1.8,0.51,-1.8,0.54,-1.8,0.21,-1.8,0.54,-1.8,0.53,-1.8,0.53,1,
6,-1.8,-1.7,0.51,-1.7,0.54,-1.8,0.35,-1.7,0.54,-1.73,0.47,-1.72,0.48,1,
6,-1.7,-1.5,0.39,-1.6,0.54,-1.5,0.21,-1.6,0.54,-1.55,0.47,-1.56,0.48,1,
6,-1.6,-1.5,1,-1.5,0.54,-1.6,0.35,-1.5,1,-1.5,0.77,-1.5,0.84,1,
6,-1.5,-1.4,0.51,-1.4,0.54,-1.5,0.35,-1.4,0.54,-1.43,0.47,-1.43,0.48,1,
6,-1.4,-1.2,0.35,-1.3,0.54,-1.2,0.34,-1.3,0.54,-1.23,0.41,-1.24,0.43,1,
6,-1.3,-1.1,0.37,-1.2,0.54,-1.3,0.35,-1.2,0.54,-1.2,0.42,-1.2,0.44,1,
6,-1.2,-1.1,0.39,-1.1,0.54,-1.1,0.51,-1.1,0.54,-1.1,0.48,-1.1,0.49,1,
6,-1.1,-0.9,0.51,-1,0.54,-1,0.27,-1,0.54,-0.95,0.53,-0.95,0.53,1,
6,-1,-0.9,0.68,-0.9,0.54,-0.9,0.35,-0.9,0.68,-0.9,0.52,-0.9,0.56,1,
6,-0.9,-0.8,0.51,-0.8,0.55,-0.7,0.21,-0.8,0.55,-0.8,0.53,-0.8,0.53,1,
6,-0.8,-0.6,0.46,-0.7,0.54,-0.8,0.35,-0.7,0.54,-0.7,0.45,-0.69,0.46,1,
6,-0.7,-0.6,1,-0.6,0.54,-0.7,0.35,-0.6,1,-0.6,0.77,-0.6,0.84,1,
6,-0.6,-0.5,1,-0.5,0.54,-0.5,0.5,-0.5,1,-0.5,0.68,-0.5,0.76,1,
6,-0.5,-0.4,0.47,-0.4,0.55,-0.5,0.34,-0.4,0.55,-0.43,0.45,-0.43,0.47,1,
6,-0.4,-0.3,0.75,-0.3,0.54,-0.3,0.35,-0.3,0.75,-0.3,0.65,-0.3,0.66,1,
6,-0.3,-0.2,0.33,-0.1,0.55,-0.2,0.18,-0.1,0.55,-0.15,0.44,-0.14,0.47,1,
6,-0.2,0,0.6,0,0.56,-0.2,0.21,0,0.6,0,0.58,0,0.58,1,
6,-0.1,0,1,0.1,0.55,0,0.34,0,1,0.05,0.77,0.04,0.84,1,
6,0,0.2,0.39,0.2,0.55,0,0.35,0.2,0.55,0.13,0.43,0.15,0.45,1,
6,0.1,0.2,0.61,0.3,0.55,0.1,0.34,0.2,0.61,0.2,0.5,0.21,0.53,1,
6,0.2,0.3,0.5,0.3,0.54,0.2,0.26,0.3,0.54,0.3,0.52,0.3,0.52,1,
6,0.3,0.5,0.35,0.5,0.54,0.2,0.51,0.5,0.54,0.4,0.47,0.39,0.48,1,
6,0.4,0.5,0.62,0.5,0.54,0.3,0.35,0.5,0.62,0.43,0.51,0.45,0.53,1,
6,0.5,0.6,0.64,0.6,0.55,0.6,0.51,0.6,0.64,0.6,0.56,0.6,0.57,1,
6,0.6,0.7,0.51,0.7,0.55,0.4,0.26,0.7,0.55,0.7,0.53,0.7,0.53,1,
6,0.7,0.8,0.73,0.8,0.54,0.7,0.51,0.8,0.73,0.77,0.59,0.77,0.61,1,
6,0.8,0.9,1,0.9,0.54,0.8,0.34,0.9,1,0.9,0.77,0.9,0.84,1,
6,0.9,1.1,0.39,1,0.54,0.8,0.35,1,0.54,0.97,0.43,0.98,0.44,1,
6,1,1.1,0.82,1.1,0.55,0.9,0.35,1.1,0.82,1.1,0.68,1.1,0.71,1,
6,1.1,1.2,0.61,1.2,0.54,1,0.35,1.2,0.61,1.13,0.5,1.15,0.53,1,
6,1.2,1.3,0.51,1.3,0.54,1.1,0.26,1.3,0.54,1.3,0.53,1.3,0.53,1,
6,1.3,1.5,0.37,1.4,0.54,1.3,0.35,1.4,0.54,1.4,0.42,1.4,0.44,1,
6,1.4,1.6,0.25,1.5,0.54,1.2,0.26,1.5,0.54,1.5,0.54,1.5,0.54,1,
6,1.5,1.6,0.54,1.6,0.54,1.5,0.35,1.6,0.54,1.57,0.48,1.58,0.49,1,
6,1.6,1.7,0.72,1.7,0.54,1.6,0.35,1.7,0.72,1.7,0.63,1.7,0.64,1,
6,1.7,1.8,0.51,1.8,0.54,1.6,0.35,1.8,0.54,1.73,0.47,1.75,0.48,1,
6,1.8,1.9,0.61,1.9,0.54,1.9,0.35,1.9,0.61,1.9,0.5,1.9,0.52,1,
6,1.9,2,0.71,2,0.54,1.8,0.35,2,0.71,2,0.63,2,0.64,1,
6,2,2.1,0.67,2.1,0.54,2,0.51,2.1,0.67,2.07,0.57,2.07,0.58,1,
6,2.1,2.3,0.42,2.2,0.54,2.1,0.35,2.2,0.54,2.2,0.44,2.21,0.45,1,
6,2.2,2.3,1,2.3,0.54,2,0.34,2.3,1,2.3,0.77,2.3,0.84,1,
6,2.3,2.4,0.37,2.4,0.54,2.3,0.35,2.4,0.54,2.37,0.42,2.37,0.44,1,
6,2.4,2.6,0.4,2.5,0.54,2.3,0.35,2.5,0.54,2.47,0.43,2.48,0.45,1,
6,2.5,2.6,0.54,2.6,0.54,2.6,0.26,2.6,0.54,2.6,0.54,2.6,0.54,1,
6,2.6,2.7,0.26,2.7,0.54,2.7,0.35,2.7,0.54,2.7,0.45,2.7,0.47,1,
6,2.7,2.9,0.53,2.8,0.54,2.6,0.26,2.8,0.54,2.85,0.54,2.85,0.54,1,
6,2.8,2.9,0.64,2.9,0.54,2.8,0.36,2.9,0.64,2.87,0.51,2.88,0.54,1,
6,2.9,3,0.46,3,0.54,2.7,0.34,3,0.54,2.9,0.45,2.92,0.46,1,
6,3,3.2,0.34,3.1,0.54,3,0.35,3.1,0.54,3.1,0.41,3.1,0.43,1,
6,3.1,3.2,1,3.2,0.54,3.1,0.35,3.2,1,3.2,0.77,3.2,0.84,1,
6,3.2,3.3,1,3.3,0.54,3.1,0.35,3.3,1,3.3,0.77,3.3,0.84,1,
6,3.3,3.4,0.54,3.4,0.54,3.4,0.35,3.4,0.54,3.4,0.48,3.4,0.49,1,
6,3.4,3.5,0.81,3.5,0.54,3.3,0.35,3.5,0.81,3.5,0.67,3.5,0.7,1,
6,3.5,3.6,0.37,3.6,0.54,3.5,0.35,3.6,0.54,3.57,0.42,3.57,0.44,1,
6,3.6,3.8,0.47,3.7,0.54,3.4,0.34,3.7,0.54,3.63,0.45,3.66,0.47,1,
6,3.7,3.8,0.59,3.9,0.54,3.5,0.26,3.8,0.59,3.85,0.57,3.85,0.57,1,
6,3.8,3.9,0.84,3.9,0.54,3.8,0.35,3.9,0.84,3.9,0.69,3.9,0.72,1,
6,3.9,4,0.54,4.1,0.54,3.8,0.35,4.1,0.54,3.97,0.48,3.99,0.49,1,
6,4,4.1,0.72,4.1,0.54,4.1,0.35,4.1,0.72,4.1,0.63,4.1,0.64,1,
6,4.1,4.2,0.84,4.2,0.54,4,0.35,4.2,0.84,4.2,0.69,4.2,0.73,1,
6,4.2,4.3,0.53,4.3,0.54,4.3,0.5,4.3,0.54,4.3,0.53,4.3,0.53,1,
6,4.3,4.4,0.63,4.4,0.54,4.3,0.35,4.4,0.63,4.37,0.51,4.38,0.53,1,
6,4.4,4.5,0.61,4.5,0.55,4.2,0.35,4.5,0.61,4.4,0.5,4.43,0.53,1,
6,4.5,4.7,0.39,4.6,0.55,4.5,0.35,4.6,0.55,4.6,0.43,4.6,0.44,1,
6,4.6,4.7,0.56,4.7,0.55,4.5,0.34,4.7,0.56,4.63,0.48,4.65,0.5,1,
6,4.7,4.9,0.15,4.8,0.55,4.8,0.35,4.8,0.55,4.8,0.45,4.8,0.47,1,
6,4.8,4.9,0.67,4.9,0.55,4.7,0.35,4.9,0.67,4.83,0.52,4.86,0.56,1,
6,4.9,5,0.6,5,0.55,5,0.51,5,0.6,5,0.55,5,0.55,1,
6,5,5.1,1,5,0.55,4.9,0.5,5.1,1,5,0.68,5.02,0.76,1,
7,-5,-4.9,0.12,-4.9,0.54,-5,0.35,-4.9,0.54,-4.95,0.44,-4.94,0.46,1,
7,-4.9,-4.4,0.21,-4.9,0.54,-4.7,0.34,-4.9,0.54,-4.8,0.44,-4.82,0.46,0,
7,-4.8,-4.3,0.09,-4.9,0.53,-4.8,0.26,-4.9,0.53,-4.9,0.53,-4.9,0.53,1,
7,-4.7,-4.1,0.28,-4.7,0.53,-4.6,0.21,-4.7,0.53,-4.4,0.4,-4.5,0.45,0,
7,-4.6,-4.1,0.28,-4.5,0.53,-4.6,0.26,-4.5,0.53,-4.3,0.41,-4.36,0.45,1,
7,-4.5,-5,0.13,-4.5,0.53,-4.4,0.34,-4.5,0.53,-4.45,0.44,-4.46,0.46,0,
7,-4.4,-3.9,0.27,-4.4,0.53,-4.3,0.21,-4.4,0.53,-4.15,0.4,-4.23,0.44,0,
7,-4.3,-4.8,0.18,-4.2,0.53,-4.3,0.26,-4.2,0.53,-4.2,0.53,-4.2,0.53,1,
7,-4.2,-4.7,0.07,-4.2,0.53,-4.1,0.26,-4.2,0.53,-4.2,0.53,-4.2,0.53,0,
7,-4.1,-3.5,0.13,-4.2,0.53,-4.1,0.26,-4.2,0.53,-4.2,0.53,-4.2,0.53,1,
7,-4,-4.5,0.08,-4,0.53,-3.9,0.26,-4,0.53,-4,0.53,-4,0.53,0,
7,-3.9,-3.8,0.11,-3.8,0.53,-3.9,0.26,-3.8,0.53,-3.8,0.53,-3.8,0.53,1,
7,-3.8,-4.3,0.15,-3.8,0.53,-3.6,0.34,-3.8,0.53,-3.7,0.44,-3.72,0.46,0,
7,-3.7,-3.1,0.12,-3.7,0.53,-3.6,0.26,-3.7,0.53,-3.7,0.53,-3.7,0.53,0,
7,-3.6,-3.6,0.17,-3.7,0.53,-3.6,0.26,-3.7,0.53,-3.7,0.53,-3.7,0.53,1,
7,-3.5,-4.1,0.08,-3.5,0.53,-3.4,0.26,-3.5,0.53,-3.5,0.53,-3.5,0.53,0,
7,-3.4,-2.9,0.29,-3.5,0.53,-3.4,0.27,-3.5,0.53,-3.27,0.36,-3.32,0.4,1,
7,-3.3,-2.7,0.12,-3.3,0.53,-3.1,0.21,-3.3,0.53,-3.3,0.53,-3.3,0.53,0,
7,-3.2,-3.7,0.08,-3.2,0.53,-3.2,0.26,-3.2,0.53,-3.2,0.53,-3.2,0.53,0,
7,-3.1,-2.6,0.31,-3.1,0.53,-3.1,0.26,-3.1,0.53,-2.85,0.42,-2.91,0.45,0,
7,-3,-3.4,0.11,-3,0.53,-2.9,0.35,-3,0.53,-2.95,0.44,-2.96,0.46,0,
7,-2.9,-2.4,0.21,-3,0.53,-2.9,0.21,-3,0.53,-3,0.53,-3,0.53,1,
7,-2.8,-3.3,0.08,-2.8,0.53,-2.7,0.26,-2.8,0.53,-2.8,0.53,-2.8,0.53,0,
7,-2.7,-2.7,0.09,-2.8,0.53,-2.8,0.26,-2.8,0.53,-2.8,0.53,-2.8,0.53,1,
7,-2.6,-3,0.12,-2.6,0.53,-2.4,0.26,-2.6,0.53,-2.6,0.53,-2.6,0.53,0,
7,-2.5,-2.1,0.27,-2.5,0.53,-2.4,0.51,-2.5,0.53,-2.33,0.43,-2.38,0.47,0,
7,-2.4,-2.9,0.15,-2.4,0.53,-2.4,0.26,-2.4,0.53,-2.4,0.53,-2.4,0.53,0,
7,-2.3,-2.3,0.12,-2.3,0.53,-2.2,0.21,-2.3,0.53,-2.3,0.53,-2.3,0.53,0,
7,-2.2,-2.6,0.15,-2.1,0.53,-2.2,0.26,-2.1,0.53,-2.1,0.53,-2.1,0.53,1,
7,-2.1,-2,0.06,-2.1,0.53,-2,0.26,-2.1,0.53,-2.1,0.53,-2.1,0.53,0,
7,-2,-2,0.24,-2,0.53,-1.9,0.26,-2,0.53,-2,0.53,-2,0.53,0,
7,-1.9,-1.4,0.26,-1.9,0.53,-1.9,0.26,-1.9,0.53,-1.9,0.53,-1.9,0.53,0,
7,-1.8,-1.7,0.13,-1.8,0.53,-1.7,0.21,-1.8,0.53,-1.8,0.53,-1.8,0.53,0,
7,-1.7,-1.1,0.11,-1.6,0.53,-1.7,0.34,-1.6,0.53,-1.65,0.44,-1.64,0.46,1,
7,-1.6,-1.1,0.25,-1.5,0.53,-1.6,0.26,-1.5,0.53,-1.5,0.53,-1.5,0.53,1,
7,-1.5,-1.4,0.09,-1.5,0.53,-1.3,0.26,-1.5,0.53,-1.5,0.53,-1.5,0.53,0,
7,-1.4,-0.8,0.5,-1.3,0.53,-1.4,0.26,-1.3,0.53,-1.05,0.52,-1.06,0.52,1,
7,-1.3,-0.9,0.12,-1.3,0.53,-1.2,0.34,-1.3,0.53,-1.25,0.44,-1.26,0.46,0,
7,-1.2,-0.7,0.21,-1.2,0.53,-1.4,0.26,-1.2,0.53,-1.2,0.53,-1.2,0.53,0,
7,-1.1,-1.6,0.08,-1,0.53,-1,0.26,-1,0.53,-1,0.53,-1,0.53,1,
7,-1,-0.5,0.37,-1,0.53,-0.9,0.51,-1,0.53,-0.8,0.47,-0.83,0.48,0,
7,-0.9,-1.4,0.18,-0.8,0.53,-0.9,0.27,-0.8,0.53,-0.85,0.4,-0.83,0.44,1,
7,-0.8,-0.7,0.53,-0.8,0.53,-0.6,0.21,-0.8,0.53,-0.75,0.53,-0.75,0.53,0,
7,-0.7,-0.2,0.49,-0.7,0.53,-0.5,0.26,-0.7,0.53,-0.45,0.51,-0.46,0.51,0,
7,-0.6,-0.5,0.17,0,0.54,-0.6,0.26,0,0.54,0,0.54,0,0.54,1,
7,-0.5,0.1,0.51,-0.5,0.53,-0.4,0.35,-0.5,0.53,-0.27,0.46,-0.26,0.48,0,
7,-0.4,0.1,1,0,0.54,-0.5,0.26,0.1,1,0.05,0.77,0.06,0.84,1,
7,-0.3,0.1,0.78,-0.2,0.53,-0.3,0.51,0.1,0.78,-0.13,0.61,-0.1,0.63,1,
7,-0.2,-0.7,0.13,-0.1,0.53,-0.2,0.25,-0.1,0.53,-0.1,0.53,-0.1,0.53,1,
7,-0.1,0.4,0.45,-0.1,0.53,0,0.34,-0.1,0.53,0.1,0.44,0.1,0.45,0,
7,0,0.4,0.27,0.1,0.53,0,1,0,1,0.05,0.77,0.03,0.84,0,
7,0.1,0.7,0.2,0.1,0.53,0,0.34,0.1,0.53,0.05,0.43,0.06,0.46,0,
7,0.2,-0.3,0.52,0.1,0.53,0.1,0.21,0.1,0.53,-0.1,0.53,-0.1,0.53,1,
7,0.3,0.4,0.15,0.2,0.53,0.2,0.35,0.2,0.53,0.2,0.44,0.2,0.46,1,
7,0.4,-0.1,1,0,0.53,0.3,0.26,-0.1,1,-0.05,0.77,-0.07,0.84,1,
7,0.5,0.5,0.06,0.5,0.53,0.4,0.35,0.5,0.53,0.45,0.44,0.46,0.46,0,
7,0.6,0.2,0.11,0.6,0.53,0.6,0.35,0.6,0.53,0.6,0.44,0.6,0.46,0,
7,0.7,1.2,0.29,0.7,0.53,0.6,0.34,0.7,0.53,0.83,0.39,0.8,0.41,0,
7,0.8,0.2,0.09,0.8,0.53,0.6,0.26,0.8,0.53,0.8,0.53,0.8,0.53,0,
7,0.9,1.3,0.15,0.9,0.53,0.8,0.26,0.9,0.53,0.9,0.53,0.9,0.53,0,
7,1,1,0.21,1,0.53,0.9,0.21,1,0.53,1,0.53,1,0.53,0,
7,1.1,1.6,0.22,1,0.53,1.2,0.26,1,0.53,1,0.53,1,0.53,1,
7,1.2,0.7,0.08,1.2,0.53,1.2,0.26,1.2,0.53,1.2,0.53,1.2,0.53,0,
7,1.3,1.8,0.3,1.3,0.53,1.1,0.26,1.3,0.53,1.55,0.41,1.48,0.45,0,
7,1.4,1.5,0.1,1.3,0.53,1.4,0.35,1.3,0.53,1.35,0.44,1.34,0.46,1,
7,1.5,2,0.14,1.5,0.53,1.3,0.18,1.5,0.53,1.5,0.53,1.5,0.53,0,
7,1.6,2.2,0.07,1.5,0.53,1.6,0.26,1.5,0.53,1.5,0.53,1.5,0.53,1,
7,1.7,1.8,0.14,1.6,0.53,1.6,0.26,1.6,0.53,1.6,0.53,1.6,0.53,1,
7,1.8,2.3,0.26,1.8,0.53,1.7,0.26,1.8,0.53,1.8,0.53,1.8,0.53,0,
7,1.9,2.4,0.24,1.9,0.53,1.9,0.26,1.9,0.53,1.9,0.53,1.9,0.53,0,
7,2,1.8,0.06,2,0.53,1.8,0.26,2,0.53,2,0.53,2,0.53,0,
7,2.1,2.6,0.43,2.1,0.53,1.9,0.26,2.1,0.53,2.35,0.48,2.32,0.49,0,
7,2.2,2.6,0.18,2.1,0.53,2.2,0.34,2.1,0.53,2.15,0.43,2.14,0.45,1,
7,2.3,2.4,0.22,2.3,0.53,2.1,0.25,2.3,0.53,2.3,0.53,2.3,0.53,0,
7,2.4,2.8,0.25,2.3,0.53,2.4,0.26,2.3,0.53,2.3,0.53,2.3,0.53,1,
7,2.5,2.5,0.25,2.5,0.53,2.4,0.34,2.5,0.53,2.45,0.44,2.46,0.46,0,
7,2.6,3.2,0.19,2.6,0.53,2.5,0.26,2.6,0.53,2.6,0.53,2.6,0.53,0,
7,2.7,3.3,0.07,2.6,0.53,2.7,0.34,2.6,0.53,2.65,0.44,2.64,0.46,1,
7,2.8,2.8,0.2,2.8,0.53,2.6,0.34,2.8,0.53,2.7,0.44,2.72,0.46,0,
7,2.9,2.4,0.15,2.8,0.53,2.9,0.35,2.8,0.53,2.85,0.44,2.84,0.46,1,
7,3,3.5,0.67,3,0.53,2.8,0.21,3.5,0.67,3.25,0.6,3.28,0.61,1,
7,3.1,3.6,0.18,3,0.53,3.1,0.26,3,0.53,3,0.53,3,0.53,1,
7,3.2,3.3,0.13,3.1,0.53,3.2,0.35,3.1,0.53,3.15,0.44,3.14,0.46,1,
7,3.3,2.8,0.12,3.3,0.53,3.2,0.34,3.3,0.53,3.25,0.43,3.26,0.46,0,
7,3.4,3.8,0.13,3.3,0.53,3.3,0.21,3.3,0.53,3.3,0.53,3.3,0.53,1,
7,3.5,3,0.13,3.5,0.53,3.4,0.26,3.5,0.53,3.5,0.53,3.5,0.53,0,
7,3.6,4.1,0.29,3.5,0.53,3.6,0.34,3.5,0.53,3.73,0.39,3.68,0.41,1,
7,3.7,3.3,0.23,3.7,0.53,3.5,0.26,3.7,0.53,3.7,0.53,3.7,0.53,0,
7,3.8,4.4,0.24,3.8,0.53,3.6,0.21,3.8,0.53,3.8,0.53,3.8,0.53,0,
7,3.9,3.4,0.15,4,0.53,3.9,0.34,4,0.53,3.95,0.43,3.96,0.46,1,
7,4,4.5,0.51,4,0.53,3.8,0.5,4,0.53,4.1,0.52,4.1,0.52,0,
7,4.1,3.6,0.11,4.2,0.53,4,0.26,4.2,0.53,4.2,0.53,4.2,0.53,1,
7,4.2,4.3,0.08,4.2,0.53,4.1,0.26,4.2,0.53,4.2,0.53,4.2,0.53,0,
7,4.3,4.8,0.36,4.2,0.53,4.3,0.34,4.2,0.53,4.43,0.41,4.4,0.43,1,
7,4.4,4.5,0.15,4.4,0.53,4.3,0.21,4.4,0.53,4.4,0.53,4.4,0.53,0,
7,4.5,4,0.3,4.5,0.53,4.3,0.26,4.5,0.53,4.25,0.42,4.32,0.45,0,
7,4.6,5.1,0.29,4.6,0.53,4.6,0.35,4.6,0.53,4.77,0.39,4.72,0.42,0,
7,4.7,4.3,0.23,4.7,0.53,4.5,0.17,4.7,0.53,4.7,0.53,4.7,0.53,0,
7,4.8,4.7,0.43,4.7,0.53,4.8,0.26,4.7,0.53,4.7,0.48,4.7,0.49,1,
7,4.9,4.4,0.25,4.9,0.54,4.8,0.35,4.9,0.54,4.85,0.44,4.86,0.46,0,
7,5,5,0.34,4.9,0.54,4.9,0.34,4.9,0.54,4.93,0.41,4.93,0.43,1,
8,-5,-4.9,0.4,-5,0.54,-5,0.5,-5,0.54,-4.97,0.48,-4.97,0.49,0,
8,-4.9,-4.9,1,-4.9,0.54,-4.8,0.26,-4.9,1,-4.9,0.77,-4.9,0.84,0,
8,-4.8,-4.8,0.79,-4.8,0.54,-4.8,0.26,-4.8,0.79,-4.8,0.67,-4.8,0.69,0,
8,-4.7,-4.8,0.38,-4.7,0.54,-4.6,1,-4.6,1,-4.65,0.77,-4.64,0.84,1,
8,-4.6,-4.5,0.5,-4.6,0.54,-4.6,0.21,-4.6,0.54,-4.55,0.52,-4.55,0.52,0,
8,-4.5,-4.5,0.44,-4.5,0.54,-4.4,0.26,-4.5,0.54,-4.5,0.49,-4.5,0.49,0,
8,-4.4,-4.4,0.52,-4.4,0.54,-4.4,0.51,-4.4,0.54,-4.4,0.52,-4.4,0.52,0,
8,-4.3,-4.4,0.3,-4.3,0.54,-4.2,0.21,-4.3,0.54,-4.35,0.42,-4.34,0.45,0,
8,-4.2,-4.1,0.43,-4.2,0.54,-4.1,0.26,-4.2,0.54,-4.15,0.48,-4.16,0.49,0,
8,-4.1,-4.1,0.52,-4.1,0.53,-4.1,0.34,-4.1,0.53,-4.1,0.47,-4.1,0.48,0,
8,-4,-4,0.8,-4,0.54,-3.9,0.5,-4,0.8,-3.97,0.61,-3.97,0.64,0,
8,-3.9,-3.8,0.3,-3.9,0.54,-3.8,0.26,-3.9,0.54,-3.85,0.42,-3.86,0.45,0,
8,-3.8,-3.7,0.43,-3.8,0.54,-3.7,0.26,-3.8,0.54,-3.75,0.48,-3.76,0.49,0,
8,-3.7,-3.7,0.68,-3.7,0.53,-3.7,0.26,-3.7,0.68,-3.7,0.61,-3.7,0.62,0,
8,-3.6,-3.6,0.57,-3.6,0.54,-3.5,0.26,-3.6,0.57,-3.6,0.56,-3.6,0.56,0,
8,-3.5,-3.6,0.34,-3.5,0.53,-3.4,0.34,-3.5,0.53,-3.5,0.4,-3.5,0.43,0,
8,-3.4,-3.4,0.61,-3.4,0.53,-3.4,0.34,-3.4,0.61,-3.4,0.5,-3.4,0.52,0,
8,-3.3,-3.3,0.61,-3.3,0.54,-3.3,0.21,-3.3,0.61,-3.3,0.58,-3.3,0.58,0,
8,-3.2,-3.3,0.27,-3.1,0.53,-3.1,0.26,-3.1,0.53,-3.2,0.4,-3.17,0.45,1,
8,-3.1,-3.1,0.44,-3,0.53,-3.1,0.26,-3,0.53,-3.05,0.48,-3.04,0.49,1,
8,-3,-3,1,-3,0.53,-2.9,0.34,-3,1,-3,0.77,-3,0.84,0,
8,-2.9,-2.9,0.75,-2.9,0.53,-2.8,0.21,-2.9,0.75,-2.9,0.64,-2.9,0.66,0,
8,-2.8,-2.7,0.38,-2.7,0.53,-2.7,0.26,-2.7,0.53,-2.7,0.46,-2.7,0.47,1,
8,-2.7,-2.7,0.68,-2.7,0.54,-2.6,0.34,-2.7,0.68,-2.7,0.61,-2.7,0.62,0,
8,-2.6,-2.7,0.34,-2.6,0.54,-2.6,0.26,-2.6,0.54,-2.65,0.44,-2.64,0.46,0,
8,-2.5,-2.5,0.38,-2.5,0.53,-2.4,0.26,-2.5,0.53,-2.5,0.46,-2.5,0.47,0,
8,-2.4,-2.4,0.51,-2.4,0.53,-2.4,0.34,-2.4,0.53,-2.4,0.46,-2.4,0.48,0,
8,-2.3,-2.2,0.33,-2.3,0.53,-2.1,1,-2.1,1,-2.2,0.77,-2.17,0.84,1,
8,-2.2,-2.1,0.66,-2.1,0.53,-2.1,0.25,-2.1,0.66,-2.1,0.6,-2.1,0.6,1,
8,-2.1,-2.1,1,-2.1,0.53,-2,0.26,-2.1,1,-2.1,0.77,-2.1,0.84,0,
8,-2,-2,0.76,-2,0.54,-1.9,0.34,-2,0.76,-2,0.65,-2,0.67,0,
8,-1.9,-1.8,0.41,-2,0.53,-1.8,0.34,-2,0.53,-1.87,0.43,-1.88,0.44,1,
8,-1.8,-1.8,0.44,-1.7,0.53,-1.7,0.21,-1.7,0.53,-1.75,0.48,-1.74,0.49,1,
8,-1.7,-1.7,0.58,-1.6,0.53,-1.7,0.35,-1.7,0.58,-1.67,0.49,-1.66,0.51,0,
8,-1.6,-1.5,0.26,-1.7,0.53,-1.5,0.26,-1.7,0.53,-1.7,0.53,-1.7,0.53,1,
8,-1.5,-1.5,0.61,-1.5,0.53,-1.5,0.51,-1.5,0.61,-1.5,0.55,-1.5,0.55,0,
8,-1.4,-1.4,0.61,-1.4,0.54,-1.3,0.34,-1.4,0.61,-1.37,0.5,-1.38,0.52,0,
8,-1.3,-1.2,0.5,-1.3,0.53,-1.2,0.26,-1.3,0.53,-1.25,0.52,-1.25,0.52,0,
8,-1.2,-1.2,0.75,-1.2,0.53,-1.2,0.34,-1.2,0.75,-1.2,0.64,-1.2,0.66,0,
8,-1.1,-1.2,0.26,-1.1,0.53,-1.1,0.34,-1.1,0.53,-1.1,0.44,-1.1,0.46,0,
8,-1,-1,0.34,-1,0.53,-0.9,1,-0.9,1,-0.95,0.77,-0.93,0.84,1,
8,-0.9,-0.9,1,-0.8,0.53,-0.8,0.35,-0.9,1,-0.85,0.77,-0.87,0.84,0,
8,-0.8,-0.7,0.21,-0.7,0.53,-0.8,0.26,-0.7,0.53,-0.7,0.53,-0.7,0.53,1,
8,-0.7,-0.7,0.61,-0.6,0.53,-0.6,0.35,-0.7,0.61,-0.63,0.5,-0.64,0.52,0,
8,-0.6,-0.7,0.21,-0.5,0.54,-0.5,0.35,-0.5,0.54,-0.5,0.44,-0.5,0.46,1,
8,-0.5,-0.5,0.33,-0.6,0.53,-0.5,0.51,-0.6,0.53,-0.53,0.46,-0.54,0.48,1,
8,-0.4,-0.4,0.68,-0.4,0.54,-0.3,0.35,-0.4,0.68,-0.37,0.52,-0.38,0.56,0,
8,-0.3,-0.4,0.34,0,0.54,-0.3,0.26,0,0.54,-0.2,0.44,-0.16,0.46,1,
8,-0.2,-0.2,0.35,-0.2,0.54,0,0.27,-0.2,0.54,-0.2,0.44,-0.2,0.46,0,
8,-0.1,-0.2,0.35,-0.1,0.54,0,0.17,-0.1,0.54,-0.15,0.44,-0.14,0.46,0,
8,0,0,1,0.2,0.53,0,0.51,0,1,0.07,0.68,0.05,0.76,0,
8,0.1,0.1,0.68,0.1,0.54,0.1,0.21,0.1,0.68,0.1,0.61,0.1,0.62,0,
8,0.2,0.1,0.45,0.2,0.54,0.1,0.35,0.2,0.54,0.13,0.45,0.14,0.46,0,
8,0.3,0.3,1,0,0.54,0.4,0.26,0.3,1,0.15,0.77,0.2,0.84,0,
8,0.4,0.4,0.61,0.4,0.54,0.4,0.35,0.4,0.61,0.4,0.5,0.4,0.52,0,
8,0.5,0.5,0.51,0.6,0.53,0.5,0.35,0.6,0.53,0.53,0.46,0.54,0.48,1,
8,0.6,0.6,0.75,0.5,0.54,0.5,0.21,0.6,0.75,0.55,0.64,0.56,0.66,0,
8,0.7,0.7,0.12,0.8,0.53,0.6,0.26,0.8,0.53,0.8,0.53,0.8,0.53,1,
8,0.8,0.8,1,0.7,0.53,0.8,0.34,0.8,1,0.75,0.77,0.77,0.84,0,
8,0.9,0.9,0.51,0.9,0.53,0.8,0.51,0.9,0.53,0.87,0.52,0.87,0.52,0,
8,1,1,0.68,1,0.53,1,0.35,1,0.68,1,0.52,1,0.56,0,
8,1.1,1.1,0.8,1.1,0.54,1,0.26,1.1,0.8,1.1,0.67,1.1,0.69,0,
8,1.2,1.3,0.41,1.2,0.54,1.2,0.21,1.2,0.54,1.25,0.47,1.24,0.48,0,
8,1.3,1.3,0.76,1.3,0.53,1.4,0.51,1.3,0.76,1.33,0.6,1.33,0.62,0,
8,1.4,1.4,0.51,1.4,0.54,1.3,0.26,1.4,0.54,1.4,0.52,1.4,0.52,0,
8,1.5,1.5,0.44,1.5,0.53,1.5,0.34,1.5,0.53,1.5,0.44,1.5,0.45,0,
8,1.6,1.6,0.62,1.5,0.53,1.4,0.34,1.6,0.62,1.5,0.5,1.52,0.52,0,
8,1.7,1.8,0.3,1.7,0.53,1.8,0.34,1.7,0.53,1.77,0.39,1.75,0.42,0,
8,1.8,1.8,0.68,1.7,0.53,1.7,0.34,1.8,0.68,1.73,0.52,1.74,0.56,0,
8,1.9,1.8,0.5,1.9,0.53,1.9,0.21,1.9,0.53,1.85,0.52,1.85,0.52,0,
8,2,2,0.34,2,0.54,2,0.34,2,0.54,2,0.4,2,0.43,0,
8,2.1,2.1,1,2.1,0.54,2,0.35,2.1,1,2.1,0.77,2.1,0.84,0,
8,2.2,2.3,0.51,2.2,0.54,2.2,0.35,2.2,0.54,2.23,0.46,2.24,0.48,0,
8,2.3,2.3,0.42,2.3,0.53,2.1,0.35,2.3,0.53,2.23,0.43,2.25,0.45,0,
8,2.4,2.3,0.41,2.4,0.54,2.4,0.34,2.4,0.54,2.37,0.43,2.37,0.44,0,
8,2.5,2.5,0.34,2.5,0.54,2.4,0.27,2.5,0.54,2.5,0.44,2.5,0.46,0,
8,2.6,2.6,0.81,2.6,0.54,2.6,0.35,2.6,0.81,2.6,0.67,2.6,0.7,0,
8,2.7,2.8,0.21,2.7,0.54,2.6,0.35,2.7,0.54,2.65,0.44,2.66,0.46,0,
8,2.8,2.8,0.27,2.7,0.54,2.8,0.34,2.7,0.54,2.77,0.38,2.75,0.42,1,
8,2.9,2.8,0.26,2.9,0.54,2.8,0.26,2.9,0.54,2.9,0.54,2.9,0.54,0,
8,3,2.9,0.21,3,0.54,2.9,0.34,3,0.54,2.95,0.44,2.96,0.46,0,
8,3.1,3.1,0.67,3.2,0.54,3.1,0.34,3.1,0.67,3.13,0.51,3.13,0.55,0,
8,3.2,3.2,0.52,3.2,0.54,3.2,0.35,3.2,0.54,3.2,0.47,3.2,0.48,0,
8,3.3,3.3,0.34,3.3,0.54,3.4,0.26,3.3,0.54,3.3,0.44,3.3,0.46,0,
8,3.4,3.4,1,3.4,0.54,3.3,0.35,3.4,1,3.4,0.77,3.4,0.84,0,
8,3.5,3.4,0.34,3.5,0.54,3.5,0.34,3.5,0.54,3.47,0.41,3.47,0.43,0,
8,3.6,3.6,1,3.6,0.54,3.4,0.35,3.6,1,3.6,0.77,3.6,0.84,0,
8,3.7,3.7,0.67,3.7,0.54,3.7,0.26,3.7,0.67,3.7,0.61,3.7,0.61,0,
8,3.8,3.9,0.34,3.8,0.54,3.7,0.34,3.8,0.54,3.8,0.41,3.8,0.43,0,
8,3.9,3.9,0.68,3.9,0.54,3.9,0.34,3.9,0.68,3.9,0.52,3.9,0.56,0,
8,4,4,0.3,4,0.54,3.9,0.26,4,0.54,4,0.42,4,0.45,0,
8,4.1,4.1,0.38,4.1,0.54,4.2,0.35,4.1,0.54,4.13,0.42,4.13,0.44,0,
8,4.2,4.2,1,4.2,0.54,4.1,0.26,4.2,1,4.2,0.77,4.2,0.84,0,
8,4.3,4.2,0.45,4.3,0.54,4.1,0.34,4.3,0.54,4.2,0.44,4.21,0.46,0,
8,4.4,4.4,0.35,4.4,0.54,4.4,0.34,4.4,0.54,4.4,0.41,4.4,0.43,0,
8,4.5,4.5,0.51,4.5,0.54,4.5,0.26,4.5,0.54,4.5,0.53,4.5,0.53,0,
8,4.6,4.7,0.5,4.5,0.54,4.6,0.35,4.5,0.54,4.6,0.46,4.6,0.48,1,
8,4.7,4.7,1,4.7,0.54,4.7,0.5,4.7,1,4.7,0.68,4.7,0.76,0,
8,4.8,4.8,0.34,4.8,0.54,4.8,0.34,4.8,0.54,4.8,0.41,4.8,0.43,0,
8,4.9,4.9,0.34,4.9,0.55,4.8,0.26,4.9,0.55,4.9,0.44,4.9,0.47,0,
8,5,5,1,5,0.55,5,0.26,5,1,5,0.77,5,0.84,0,
9,-5,-4.9,0.8,-5,0.55,-5,0.51,-4.9,0.8,-4.97,0.62,-4.96,0.65,1,
9,-4.9,-4.9,0.63,-4.9,0.54,-5,0.34,-4.9,0.63,-4.93,0.5,-4.92,0.53,0,
9,-4.8,-4.8,0.61,-4.8,0.54,-4.7,0.21,-4.8,0.61,-4.8,0.58,-4.8,0.58,0,
9,-4.7,-4.8,0.41,-4.7,0.54,-4.5,0.15,-4.7,0.54,-4.75,0.47,-4.74,0.48,0,
9,-4.6,-4.6,0.68,-4.6,0.54,-4.5,0.17,-4.6,0.68,-4.6,0.61,-4.6,0.62,0,
9,-4.5,-4.5,0.76,-4.5,0.54,-4.5,0.17,-4.5,0.76,-4.5,0.65,-4.5,0.67,0,
9,-4.4,-4.5,0.43,-4.4,0.54,-4.3,0.18,-4.4,0.54,-4.45,0.48,-4.44,0.49,0,
9,-4.3,-4.2,0.29,-4.3,0.54,-4.4,0.26,-4.3,0.54,-4.25,0.41,-4.26,0.45,0,
9,-4.2,-4.2,1,-4.2,0.54,-4.2,0.21,-4.2,1,-4.2,0.77,-4.2,0.84,0,
9,-4.1,-4.2,0.38,-4.1,0.54,-4.1,0.25,-4.1,0.54,-4.15,0.46,-4.14,0.47,0,
9,-4,-4,0.51,-4,0.54,-3.9,0.26,-4,0.54,-4,0.52,-4,0.52,0,
9,-3.9,-3.9,1,-3.9,0.54,-4,0.21,-3.9,1,-3.9,0.77,-3.9,0.84,0,
9,-3.8,-3.9,0.28,-3.8,0.54,-3.7,0.15,-3.8,0.54,-3.85,0.41,-3.83,0.45,0,
9,-3.7,-3.6,0.41,-3.7,0.54,-3.6,0.17,-3.7,0.54,-3.65,0.47,-3.66,0.48,0,
9,-3.6,-3.6,0.63,-3.6,0.54,-3.6,0.21,-3.6,0.63,-3.6,0.58,-3.6,0.59,0,
9,-3.5,-3.4,0.42,-3.5,0.54,-3.4,0.2,-3.5,0.54,-3.45,0.48,-3.46,0.48,0,
9,-3.4,-3.3,0.37,-3.4,0.54,-3.4,0.17,-3.4,0.54,-3.35,0.45,-3.36,0.47,0,
9,-3.3,-3.3,0.45,-3.3,0.54,-3.1,0.18,-3.3,0.54,-3.3,0.49,-3.3,0.49,0,
9,-3.2,-3.1,0.49,-3.2,0.54,-3.2,0.26,-3.2,0.54,-3.15,0.52,-3.15,0.52,0,
9,-3.1,-3.1,0.59,-3.1,0.54,-3,0.17,-3.1,0.59,-3.1,0.56,-3.1,0.56,0,
9,-3,-3,1,-3,0.54,-3,0.21,-3,1,-3,0.77,-3,0.84,0,
9,-2.9,-2.8,0.37,-2.8,0.54,-2.7,0.17,-2.8,0.54,-2.8,0.45,-2.8,0.47,1,
9,-2.8,-2.8,0.84,-2.7,0.53,-2.9,0.26,-2.8,0.84,-2.75,0.69,-2.76,0.72,0,
9,-2.7,-2.7,0.37,-2.8,0.54,-2.7,0.21,-2.8,0.54,-2.75,0.45,-2.76,0.47,1,
9,-2.6,-2.5,0.38,-2.6,0.53,-2.5,0.18,-2.6,0.53,-2.55,0.46,-2.56,0.47,0,
9,-2.5,-2.5,1,-2.5,0.54,-2.3,0.26,-2.5,1,-2.5,0.77,-2.5,0.84,0,
9,-2.4,-2.4,0.23,-2.4,0.54,-2.5,0.34,-2.4,0.54,-2.45,0.44,-2.44,0.46,0,
9,-2.3,-2.3,1,-2.3,0.54,-2.3,0.26,-2.3,1,-2.3,0.77,-2.3,0.84,0,
9,-2.2,-2.2,0.5,-2.2,0.54,-2.1,0.34,-2.2,0.54,-2.17,0.46,-2.18,0.48,0,
9,-2.1,-2.1,0.26,-2.1,0.54,-1.9,0.15,-2.1,0.54,-2.1,0.54,-2.1,0.54,0,
9,-2,-2,0.71,-2,0.54,-1.7,0.21,-2,0.71,-2,0.63,-2,0.64,0,
9,-1.9,-1.8,0.18,-1.9,0.54,-1.9,0.26,-1.9,0.54,-1.9,0.54,-1.9,0.54,0,
9,-1.8,-1.8,0.72,-1.8,0.54,-1.7,0.35,-1.8,0.72,-1.8,0.63,-1.8,0.64,0,
9,-1.7,-1.7,0.5,-1.7,0.53,-1.5,0.17,-1.7,0.53,-1.7,0.52,-1.7,0.52,0,
9,-1.6,-1.5,0.67,-1.6,0.54,-1.4,0.21,-1.5,0.67,-1.55,0.6,-1.54,0.61,1,
9,-1.5,-1.5,1,-1.5,0.54,-1.5,0.26,-1.5,1,-1.5,0.77,-1.5,0.84,0,
9,-1.4,-1.3,0.39,-1.5,0.54,-1.3,0.34,-1.5,0.54,-1.37,0.42,-1.38,0.44,1,
9,-1.3,-1.3,0.77,-1.3,0.54,-1.3,0.34,-1.3,0.77,-1.3,0.65,-1.3,0.67,0,
9,-1.2,-1.3,0.5,-1.2,0.54,-1.3,0.15,-1.2,0.54,-1.25,0.52,-1.25,0.52,0,
9,-1.1,-1.1,0.76,-1.1,0.54,-1.1,0.21,-1.1,0.76,-1.1,0.65,-1.1,0.67,0,
9,-1,-1,0.76,-1,0.54,-0.8,0.26,-1,0.76,-1,0.65,-1,0.67,0,
9,-0.9,-0.8,0.68,-0.9,0.54,-0.8,0.21,-0.8,0.68,-0.85,0.61,-0.84,0.61,1,
9,-0.8,-0.8,1,-0.8,0.54,-0.7,0.17,-0.8,1,-0.8,0.77,-0.8,0.84,0,
9,-0.7,-0.6,0.6,-0.7,0.54,-0.8,0.36,-0.6,0.6,-0.7,0.5,-0.68,0.52,1,
9,-0.6,-0.6,1,-0.6,0.54,-0.3,0.21,-0.6,1,-0.6,0.77,-0.6,0.84,0,
9,-0.5,-0.6,0.5,-0.5,0.54,-0.6,0.21,-0.5,0.54,-0.55,0.52,-0.55,0.52,0,
9,-0.4,-0.4,0.61,-0.4,0.54,-0.3,0.26,-0.4,0.61,-0.4,0.58,-0.4,0.58,0,
9,-0.3,-0.3,0.33,0,0.54,-0.2,0.15,0,0.54,-0.15,0.44,-0.11,0.46,1,
9,-0.2,-0.1,0.45,-0.2,0.54,-0.2,0.26,-0.2,0.54,-0.15,0.49,-0.15,0.5,0,
9,-0.1,-0.1,1,0,0.55,-0.1,0.21,-0.1,1,-0.05,0.77,-0.06,0.84,0,
9,0,0,1,0,0.54,0,0.21,0,1,0,0.77,0,0.84,0,
9,0.1,0.1,0.51,0,0.55,0,0.26,0,0.55,0.05,0.53,0.05,0.53,1,
9,0.2,0.1,0.51,0.2,0.54,0.2,0.26,0.2,0.54,0.15,0.53,0.15,0.53,0,
9,0.3,0.3,1,0,0.54,0.3,0.18,0.3,1,0.15,0.77,0.19,0.84,0,
9,0.4,0.4,0.15,0.4,0.54,0.3,0.34,0.4,0.54,0.35,0.44,0.36,0.46,0,
9,0.5,0.5,0.61,0.6,0.54,0.3,0.26,0.5,0.61,0.55,0.57,0.55,0.58,0,
9,0.6,0.6,0.39,0.6,0.54,0.4,0.21,0.6,0.54,0.6,0.46,0.6,0.48,0,
9,0.7,0.7,0.81,0.7,0.54,0.8,0.21,0.7,0.81,0.7,0.67,0.7,0.7,0,
9,0.8,0.7,0.35,0.8,0.54,0.7,0.34,0.8,0.54,0.73,0.41,0.74,0.43,0,
9,0.9,0.9,0.58,0.9,0.54,0.8,0.34,0.9,0.58,0.87,0.49,0.88,0.51,0,
9,1,0.9,0.26,1,0.54,0.8,0.26,1,0.54,1,0.54,1,0.54,0,
9,1.1,1.1,0.69,1.1,0.54,1.1,0.26,1.1,0.69,1.1,0.61,1.1,0.62,0,
9,1.2,1.2,1,1.2,0.54,1,0.17,1.2,1,1.2,0.77,1.2,0.84,0,
9,1.3,1.3,0.29,1.3,0.54,1.2,0.21,1.3,0.54,1.3,0.41,1.3,0.45,0,
9,1.4,1.4,1,1.4,0.54,1.2,0.26,1.4,1,1.4,0.77,1.4,0.84,0,
9,1.5,1.6,0.34,1.5,0.54,1.5,0.26,1.5,0.54,1.55,0.44,1.54,0.46,0,
9,1.6,1.6,0.44,1.6,0.54,1.5,0.17,1.6,0.54,1.6,0.49,1.6,0.49,0,
9,1.7,1.8,0.38,1.7,0.53,1.6,0.26,1.7,0.53,1.75,0.46,1.74,0.47,0,
9,1.8,1.8,0.81,1.8,0.54,1.6,0.21,1.8,0.81,1.8,0.67,1.8,0.7,0,
9,1.9,2,0.18,1.9,0.54,2,0.21,1.9,0.54,1.9,0.54,1.9,0.54,0,
9,2,2,0.45,2,0.54,1.9,0.26,2,0.54,2,0.49,2,0.5,0,
9,2.1,2.1,0.45,2.1,0.54,2.3,0.17,2.1,0.54,2.1,0.5,2.1,0.5,0,
9,2.2,2.3,1,2.2,0.54,2.1,0.18,2.3,1,2.25,0.77,2.27,0.84,1,
9,2.3,2.3,1,2.3,0.54,2.2,0.21,2.3,1,2.3,0.77,2.3,0.84,0,
9,2.4,2.4,0.25,2.4,0.54,2.3,0.34,2.4,0.54,2.35,0.44,2.36,0.46,0,
9,2.5,2.5,1,2.5,0.54,2.4,0.18,2.5,1,2.5,0.77,2.5,0.84,0,
9,2.6,2.7,0.43,2.6,0.54,2.6,0.21,2.6,0.54,2.65,0.49,2.64,0.49,0,
9,2.7,2.7,0.68,2.8,0.54,2.5,0.26,2.7,0.68,2.75,0.61,2.74,0.62,0,
9,2.8,2.8,0.5,2.7,0.54,2.9,0.21,2.7,0.54,2.75,0.52,2.75,0.52,1,
9,2.9,2.9,0.84,2.8,0.54,2.8,0.21,2.9,0.84,2.85,0.69,2.86,0.72,0,
9,3,3,0.76,2.9,0.54,2.9,0.21,3,0.76,2.95,0.65,2.96,0.67,0,
9,3.1,3,0.34,3.1,0.54,2.9,0.21,3.1,0.54,3.05,0.44,3.06,0.46,0,
9,3.2,3.2,0.62,3.2,0.54,3.2,0.21,3.2,0.62,3.2,0.58,3.2,0.58,0,
9,3.3,3.4,0.39,3.3,0.54,3.1,0.34,3.3,0.54,3.27,0.42,3.28,0.44,0,
9,3.4,3.4,1,3.4,0.54,3.2,0.21,3.4,1,3.4,0.77,3.4,0.84,0,
9,3.5,3.4,0.44,3.5,0.54,3.3,0.18,3.5,0.54,3.45,0.49,3.46,0.49,0,
9,3.6,3.6,0.51,3.6,0.54,3.7,0.26,3.6,0.54,3.6,0.53,3.6,0.53,0,
9,3.7,3.7,0.39,3.7,0.54,3.6,0.26,3.7,0.54,3.7,0.46,3.7,0.47,0,
9,3.8,3.9,0.4,3.8,0.54,3.7,0.18,3.8,0.54,3.85,0.47,3.84,0.48,0,
9,3.9,3.9,0.76,3.9,0.54,3.8,0.26,3.9,0.76,3.9,0.65,3.9,0.67,0,
9,4,3.9,0.36,4,0.54,3.9,0.21,4,0.54,3.95,0.45,3.96,0.47,0,
9,4.1,4.1,0.77,4.1,0.54,4,0.21,4.1,0.77,4.1,0.65,4.1,0.67,0,
9,4.2,4.3,0.41,4.2,0.54,4,0.21,4.2,0.54,4.25,0.47,4.24,0.48,0,
9,4.3,4.3,1,4.3,0.54,4.3,0.21,4.3,1,4.3,0.77,4.3,0.84,0,
9,4.4,4.3,0.43,4.4,0.54,4.3,0.34,4.4,0.54,4.33,0.44,4.34,0.45,0,
9,4.5,4.6,0.34,4.5,0.54,4.4,0.17,4.5,0.54,4.55,0.44,4.54,0.46,0,
9,4.6,4.6,0.77,4.6,0.54,4.5,0.15,4.6,0.77,4.6,0.65,4.6,0.67,0,
9,4.7,4.8,0.41,4.7,0.54,4.9,0.25,4.7,0.54,4.75,0.47,4.74,0.48,0,
9,4.8,4.8,1,4.8,0.55,4.6,0.21,4.8,1,4.8,0.77,4.8,0.84,0,
9,4.9,5,0.33,4.9,0.54,4.9,0.26,4.9,0.54,4.95,0.44,4.94,0.46,0,
9,5,5,0.58,5,0.55,4.9,0.26,5,0.58,5,0.56,5,0.56,0,
10,-5,-5,0.52,-5,0.53,-5,0.53,-5,0.53,-5,0.53,-5,0.53,0,
10,-4.9,-4.9,0.51,-4.7,0.53,-4.8,1,-4.8,1,-4.8,0.68,-4.8,0.75,1,
10,-4.8,-4.8,0.51,-4.8,0.53,-4.9,0.5,-4.8,0.53,-4.83,0.52,-4.83,0.52,0,
10,-4.7,-4.7,0.35,-4.5,0.53,-4.5,0.52,-4.5,0.53,-4.57,0.47,-4.55,0.48,1,
10,-4.6,-4.2,0.2,-4.6,0.53,-4.6,1,-4.6,1,-4.6,0.76,-4.6,0.84,0,
10,-4.5,-4.5,0.51,-4.5,0.53,-4.4,0.5,-4.5,0.53,-4.47,0.51,-4.47,0.51,0,
10,-4.4,-4,0.35,-4.2,0.53,-4.2,0.51,-4.2,0.53,-4.13,0.46,-4.15,0.48,1,
10,-4.3,-4.3,1,-4.3,0.53,-4.3,0.53,-4.3,1,-4.3,0.69,-4.3,0.76,0,
10,-4.2,-3.7,0.18,-4.4,0.53,-4,0.52,-4.4,0.53,-4.2,0.52,-4.2,0.52,1,
10,-4.1,-4.1,0.52,-4.1,0.53,-4.1,0.52,-4.1,0.53,-4.1,0.52,-4.1,0.52,0,
10,-4,-4,1,-4,0.53,-4,0.52,-4,1,-4,0.68,-4,0.76,0,
10,-3.9,-4,0.51,-4.1,0.53,-3.7,0.52,-4.1,0.53,-3.93,0.52,-3.93,0.52,1,
10,-3.8,-3.8,1,-3.8,0.53,-3.8,1,-3.8,1,-3.8,0.84,-3.8,0.9,0,
10,-3.7,-3.6,0.2,-3.8,0.52,-3.6,1,-3.6,1,-3.7,0.76,-3.67,0.84,1,
10,-3.6,-3.6,1,-3.6,0.53,-3.5,0.5,-3.6,1,-3.57,0.68,-3.58,0.75,0,
10,-3.5,-3.4,0.3,-3.5,0.52,-3.5,1,-3.5,1,-3.5,0.76,-3.5,0.84,0,
10,-3.4,-3.4,1,-3.3,0.52,-3.3,1,-3.4,1,-3.33,0.84,-3.34,0.9,0,
10,-3.3,-3.3,0.11,-3.3,0.52,-3.2,0.5,-3.3,0.52,-3.25,0.51,-3.25,0.51,0,
10,-3.2,-2.7,0.09,-3.4,0.52,-3.1,0.53,-3.1,0.53,-3.25,0.53,-3.25,0.53,1,
10,-3.1,-2.9,0.18,-2.9,0.52,-3.2,0.51,-2.9,0.52,-3.05,0.52,-3.05,0.52,1,
10,-3,-2.6,0.53,-2.8,0.52,-2.8,0.53,-2.6,0.53,-2.73,0.53,-2.73,0.53,1,
10,-2.9,-2.9,0.35,-2.7,0.52,-2.8,1,-2.8,1,-2.75,0.76,-2.77,0.84,1,
10,-2.8,-2.7,0.41,-2.8,0.52,-2.7,0.5,-2.8,0.52,-2.73,0.48,-2.74,0.48,0,
10,-2.7,-2.5,0.21,-2.7,0.52,-2.6,0.5,-2.7,0.52,-2.65,0.51,-2.65,0.51,0,
10,-2.6,-2.7,0.21,-2.7,0.52,-2.6,0.51,-2.7,0.52,-2.65,0.52,-2.65,0.52,1,
10,-2.5,-2.3,0.27,-2.3,0.52,-2.3,1,-2.3,1,-2.3,0.76,-2.3,0.84,1,
10,-2.4,-2,0.19,-2.4,0.52,-2.4,1,-2.4,1,-2.4,0.76,-2.4,0.84,0,
10,-2.3,-1.7,0.18,-2.5,0.52,-2.1,0.52,-2.5,0.52,-2.3,0.52,-2.3,0.52,1,
10,-2.2,-2.1,0.34,-2,0.52,-2,0.51,-2,0.52,-2.03,0.46,-2.03,0.47,1,
10,-2.1,-1.9,0.15,-2.1,0.52,-2.1,0.52,-2.1,0.52,-2.1,0.52,-2.1,0.52,0,
10,-2,-1.6,0.17,-1.9,0.52,-1.8,1,-1.8,1,-1.85,0.76,-1.83,0.84,1,
10,-1.9,-1.4,0.21,-1.8,0.52,-1.9,1,-1.9,1,-1.85,0.76,-1.87,0.84,0,
10,-1.8,-1.4,0.15,-2.1,0.52,-1.6,0.52,-1.6,0.52,-1.85,0.52,-1.85,0.52,1,
10,-1.7,-1.7,0.17,-1.7,0.52,-1.7,0.52,-1.7,0.52,-1.7,0.52,-1.7,0.52,0,
10,-1.6,-1.2,0.4,-1.6,0.52,-1.6,0.52,-1.6,0.52,-1.47,0.48,-1.49,0.49,0,
10,-1.5,-1.3,0.1,-1.7,0.52,-1.3,1,-1.3,1,-1.5,0.76,-1.44,0.84,1,
10,-1.4,-1.3,0.16,-1.3,0.52,-1.4,1,-1.4,1,-1.35,0.76,-1.37,0.84,0,
10,-1.3,-1.1,0.12,-1.4,0.52,-1.1,0.53,-1.1,0.53,-1.25,0.53,-1.25,0.53,1,
10,-1.2,-1.4,0.12,-1,0.52,-1.2,1,-1.2,1,-1.1,0.76,-1.13,0.84,0,
10,-1.1,-0.6,0.14,-1.1,0.52,-1,1,-1,1,-1.05,0.76,-1.03,0.84,1,
10,-1,-0.5,0.25,-1,0.52,-0.9,0.5,-1,0.52,-0.95,0.51,-0.95,0.51,0,
10,-0.9,-0.7,0.21,-1,0.52,-0.8,1,-0.8,1,-0.9,0.76,-0.87,0.84,1,
10,-0.8,-0.6,0.15,-0.6,0.52,-0.6,1,-0.6,1,-0.6,0.76,-0.6,0.84,1,
10,-0.7,-0.2,0.2,0,0.53,-0.7,1,-0.7,1,-0.35,0.76,-0.46,0.84,0,
10,-0.6,-0.2,0.41,-0.6,0.52,-0.4,1,-0.4,1,-0.5,0.76,-0.47,0.84,1,
10,-0.5,-0.2,0.35,0,0.53,-0.5,1,-0.5,1,-0.25,0.76,-0.33,0.84,0,
10,-0.4,-0.2,0.23,-0.6,0.52,-0.4,0.51,-0.6,0.52,-0.5,0.52,-0.5,0.52,1,
10,-0.3,0.2,0.35,0,0.53,-0.2,0.51,0,0.53,0,0.47,-0.02,0.48,1,
10,-0.2,0,1,0,0.52,-0.2,0.52,0,1,-0.07,0.68,-0.05,0.76,1,
10,-0.1,0.5,0.09,0,0.53,0,1,0,1,0,0.77,0,0.84,1,
10,0,0,1,0.1,0.53,0,1,0,1,0.03,0.84,0.02,0.9,0,
10,0.1,0.1,0.52,0,0.53,0,1,0,1,0.03,0.68,0.03,0.76,1,
10,0.2,0.7,0.15,0,0.52,0.1,1,0.1,1,0.05,0.76,0.07,0.84,1,
10,0.3,0.7,0.14,0,0.53,0.2,0.51,0,0.53,0.1,0.52,0.1,0.52,1,
10,0.4,0.5,0.21,0.6,0.52,0.3,1,0.3,1,0.45,0.76,0.4,0.84,1,
10,0.5,0.8,0.25,0,0.53,0.5,0.53,0,0.53,0.25,0.53,0.25,0.53,1,
10,0.6,1.1,0.21,0.6,0.52,0.5,1,0.5,1,0.55,0.76,0.53,0.84,1,
10,0.7,1.1,0.1,0,0.53,0.7,1,0.7,1,0.35,0.76,0.46,0.84,0,
10,0.8,1.2,0.23,0.7,0.52,0.6,0.52,0.7,0.52,0.65,0.52,0.65,0.52,1,
10,0.9,1.1,0.15,1,0.52,0.8,1,0.8,1,0.9,0.76,0.87,0.84,1,
10,1,1.1,0.13,0,0.52,0.9,0.51,0,0.52,0.45,0.51,0.44,0.52,1,
10,1.1,1.2,0.35,0.9,0.52,1,1,1,1,0.95,0.76,0.97,0.84,1,
10,1.2,1.2,1,1.1,0.52,1.2,0.5,1.2,1,1.17,0.68,1.17,0.75,0,
10,1.3,1.6,0.17,1.2,0.52,1.2,1,1.2,1,1.2,0.76,1.2,0.84,1,
10,1.4,0.7,0.07,1.5,0.52,1.4,1,1.4,1,1.45,0.76,1.43,0.84,0,
10,1.5,1.5,0.15,1.4,0.52,1.3,0.53,1.3,0.53,1.35,0.52,1.35,0.52,1,
10,1.6,2.2,0.21,1.6,0.52,1.6,1,1.6,1,1.6,0.76,1.6,0.84,0,
10,1.7,2.1,0.18,1.7,0.52,1.8,0.5,1.7,0.52,1.75,0.51,1.75,0.51,0,
10,1.8,1.8,0.36,1.6,0.52,1.7,1,1.7,1,1.65,0.76,1.67,0.84,1,
10,1.9,1.8,0.52,1.8,0.52,1.8,0.51,1.8,0.52,1.8,0.52,1.8,0.52,1,
10,2,2.4,0.21,2.2,0.52,1.9,1,1.9,1,2.05,0.76,2,0.84,1,
10,2.1,2,0.09,2.1,0.52,2.1,0.52,2.1,0.52,2.1,0.52,2.1,0.52,0,
10,2.2,2.5,0.06,2.3,0.52,2.1,1,2.1,1,2.2,0.76,2.17,0.84,1,
10,2.3,2.7,0.29,2.2,0.52,2.2,0.51,2.2,0.52,2.37,0.44,2.31,0.47,1,
10,2.4,1.8,0.21,2.2,0.52,2.5,0.5,2.2,0.52,2.35,0.51,2.35,0.51,1,
10,2.5,2.5,0.51,2.7,0.52,2.4,1,2.4,1,2.53,0.68,2.5,0.75,1,
10,2.6,3,0.18,2.6,0.52,2.7,0.5,2.6,0.52,2.65,0.51,2.65,0.51,0,
10,2.7,2.7,0.22,2.7,0.52,2.6,1,2.6,1,2.65,0.76,2.63,0.84,1,
10,2.8,2.7,0.35,2.8,0.52,2.8,0.51,2.8,0.52,2.77,0.46,2.78,0.48,0,
10,2.9,2.9,1,2.7,0.52,2.8,0.53,2.9,1,2.8,0.68,2.82,0.76,0,
10,3,3,0.36,2.9,0.52,2.9,0.5,2.9,0.52,2.93,0.46,2.93,0.47,1,
10,3.1,3.4,0.21,3,0.52,3.2,0.5,3,0.52,3.1,0.51,3.1,0.51,1,
10,3.2,3.2,0.36,3.3,0.52,3.1,1,3.1,1,3.2,0.76,3.17,0.84,1,
10,3.3,3.6,0.18,3.2,0.52,3.4,0.5,3.2,0.52,3.3,0.51,3.3,0.51,1,
10,3.4,3.8,1,3.3,0.52,3.3,1,3.8,1,3.47,0.84,3.5,0.9,1,
10,3.5,3.5,0.52,3.4,0.52,3.5,0.51,3.4,0.52,3.47,0.52,3.47,0.52,1,
10,3.6,3.5,0.51,3.6,0.52,3.6,0.52,3.6,0.52,3.57,0.52,3.57,0.52,0,
10,3.7,3.7,1,3.9,0.52,3.6,0.5,3.7,1,3.73,0.68,3.73,0.75,0,
10,3.8,3.9,0.35,3.7,0.52,3.9,0.5,3.7,0.52,3.83,0.46,3.82,0.47,1,
10,3.9,3.9,0.26,3.7,0.52,3.8,1,3.8,1,3.75,0.76,3.77,0.84,1,
10,4,4.4,0.22,4,0.52,4.1,0.5,4,0.52,4.05,0.51,4.05,0.51,0,
10,4.1,4.1,1,4.1,0.53,4.1,1,4.1,1,4.1,0.84,4.1,0.9,0,
10,4.2,4.6,0.21,4.3,0.53,4,0.52,4.3,0.53,4.15,0.52,4.15,0.52,1,
10,4.3,4.3,1,4.3,0.52,4.3,0.52,4.3,1,4.3,0.68,4.3,0.76,0,
10,4.4,4.4,0.35,4.3,0.53,4.3,0.51,4.3,0.53,4.33,0.46,4.33,0.47,1,
10,4.5,4.5,1,4.5,0.53,4.6,0.5,4.5,1,4.53,0.68,4.52,0.75,0,
10,4.6,4.6,0.51,4.6,0.53,4.6,1,4.6,1,4.6,0.68,4.6,0.76,0,
10,4.7,4.7,1,4.6,0.53,4.5,0.52,4.7,1,4.6,0.68,4.62,0.76,0,
10,4.8,4.8,0.53,4.8,0.53,4.8,1,4.8,1,4.8,0.69,4.8,0.76,0,
10,4.9,4.9,1,4.8,0.53,4.7,0.52,4.9,1,4.8,0.68,4.82,0.76,0,
10,5,5,0.52,5,0.53,5,0.52,5,0.53,5,0.52,5,0.52,0,
11,-5,-5,1,-5,0.55,-4.9,0.26,-5,1,-5,0.77,-5,0.84,0,
11,-4.9,-4.8,0.41,-4.9,0.55,-4.8,0.21,-4.9,0.55,-4.85,0.48,-4.86,0.49,0,
11,-4.8,-4.8,1,-4.8,0.55,-4.8,0.26,-4.8,1,-4.8,0.77,-4.8,0.84,0,
11,-4.7,-4.7,1,-4.7,0.55,-4.8,0.21,-4.7,1,-4.7,0.77,-4.7,0.84,0,
11,-4.6,-4.7,0.41,-4.6,0.55,-4.4,0.26,-4.6,0.55,-4.65,0.48,-4.64,0.49,0,
11,-4.5,-4.5,1,-4.5,0.55,-4.4,0.26,-4.5,1,-4.5,0.77,-4.5,0.84,0,
11,-4.4,-4.4,1,-4.4,0.55,-4.3,0.26,-4.4,1,-4.4,0.77,-4.4,0.84,0,
11,-4.3,-4.3,1,-4.3,0.55,-4.3,0.26,-4.3,1,-4.3,0.77,-4.3,0.84,0,
11,-4.2,-4.2,0.34,-4.2,0.55,-4.1,0.35,-4.2,0.55,-4.17,0.41,-4.17,0.43,0,
11,-4.1,-4.1,0.68,-4.1,0.55,-4,0.21,-4.1,0.68,-4.1,0.62,-4.1,0.62,0,
11,-4,-4,1,-4,0.54,-4,0.35,-4,1,-4,0.77,-4,0.84,0,
11,-3.9,-3.8,0.41,-3.9,0.55,-3.9,0.34,-3.9,0.55,-3.87,0.43,-3.87,0.45,0,
11,-3.8,-3.8,0.53,-3.8,0.55,-3.7,0.26,-3.8,0.55,-3.8,0.54,-3.8,0.54,0,
11,-3.7,-3.7,1,-3.7,0.54,-3.5,0.21,-3.7,1,-3.7,0.77,-3.7,0.84,0,
11,-3.6,-3.6,1,-3.6,0.54,-3.6,0.26,-3.6,1,-3.6,0.77,-3.6,0.84,0,
11,-3.5,-3.6,0.34,-3.5,0.55,-3.5,0.35,-3.5,0.55,-3.53,0.41,-3.53,0.44,0,
11,-3.4,-3.4,1,-3.4,0.54,-3.5,0.21,-3.4,1,-3.4,0.77,-3.4,0.84,0,
11,-3.3,-3.3,1,-3.3,0.54,-3.1,0.26,-3.3,1,-3.3,0.77,-3.3,0.84,0,
11,-3.2,-3.2,1,-3.2,0.54,-3,0.26,-3.2,1,-3.2,0.77,-3.2,0.84,0,
11,-3.1,-3,0.34,-3.1,0.55,-3.2,0.21,-3.1,0.55,-3.05,0.44,-3.06,0.47,0,
11,-3,-3,1,-3,0.55,-3.1,0.21,-3,1,-3,0.77,-3,0.84,0,
11,-2.9,-2.9,1,-2.9,0.55,-2.7,0.17,-2.9,1,-2.9,0.77,-2.9,0.84,0,
11,-2.8,-2.8,1,-2.8,0.55,-2.6,0.35,-2.8,1,-2.8,0.77,-2.8,0.84,0,
11,-2.7,-2.7,0.21,-2.7,0.55,-2.6,0.26,-2.7,0.55,-2.7,0.55,-2.7,0.55,0,
11,-2.6,-2.6,0.25,-2.6,0.55,-2.5,0.21,-2.6,0.55,-2.6,0.55,-2.6,0.55,0,
11,-2.5,-2.5,0.68,-2.5,0.54,-2.5,0.26,-2.5,0.68,-2.5,0.61,-2.5,0.62,0,
11,-2.4,-2.4,1,-2.4,0.55,-2.2,0.26,-2.4,1,-2.4,0.77,-2.4,0.84,0,
11,-2.3,-2.3,0.52,-2.3,0.55,-2.2,0.26,-2.3,0.55,-2.3,0.54,-2.3,0.54,0,
11,-2.2,-2.3,0.51,-2.2,0.55,-2.2,0.21,-2.2,0.55,-2.25,0.53,-2.25,0.53,0,
11,-2.1,-2.2,1,-2.2,0.55,-2,0.21,-2.2,1,-2.2,0.77,-2.2,0.84,1,
11,-2,-2,0.53,-1.9,0.55,-2,0.26,-1.9,0.55,-1.95,0.54,-1.95,0.54,1,
11,-1.9,-1.9,1,-2,0.55,-1.7,0.34,-1.9,1,-1.95,0.77,-1.94,0.84,0,
11,-1.8,-1.8,0.53,-1.8,0.54,-1.7,0.26,-1.8,0.54,-1.8,0.53,-1.8,0.54,0,
11,-1.7,-1.7,0.21,-1.7,0.55,-1.8,0.21,-1.7,0.55,-1.7,0.55,-1.7,0.55,0,
11,-1.6,-1.7,0.4,-1.7,0.54,-1.5,0.21,-1.7,0.54,-1.7,0.47,-1.7,0.48,1,
11,-1.5,-1.5,0.27,-1.5,0.54,-1.5,0.26,-1.5,0.54,-1.5,0.54,-1.5,0.54,0,
11,-1.4,-1.4,1,-1.5,0.54,-1.2,0.35,-1.4,1,-1.45,0.77,-1.44,0.84,0,
11,-1.3,-1.3,1,-1.3,0.54,-1.1,0.26,-1.3,1,-1.3,0.77,-1.3,0.84,0,
11,-1.2,-1.2,1,-1.2,0.55,-1,0.26,-1.2,1,-1.2,0.78,-1.2,0.84,0,
11,-1.1,-1.1,0.35,-1,0.54,-1,0.21,-1,0.54,-1.05,0.45,-1.04,0.47,1,
11,-1,-1.1,0.41,-1,0.55,-1,0.21,-1,0.55,-1.05,0.48,-1.04,0.49,0,
11,-0.9,-0.9,1,-0.9,0.55,-0.9,0.34,-0.9,1,-0.9,0.78,-0.9,0.84,0,
11,-0.8,-0.8,1,-0.7,0.55,-0.7,0.26,-0.8,1,-0.75,0.78,-0.76,0.84,0,
11,-0.7,-0.7,1,-0.7,0.56,-0.6,0.26,-0.7,1,-0.7,0.78,-0.7,0.84,0,
11,-0.6,-0.6,1,-0.6,0.55,-0.6,0.34,-0.6,1,-0.6,0.77,-0.6,0.84,0,
11,-0.5,-0.5,1,-0.5,0.55,-0.5,0.21,-0.5,1,-0.5,0.78,-0.5,0.84,0,
11,-0.4,-0.4,0.52,-0.4,0.55,-0.5,0.21,-0.4,0.55,-0.4,0.54,-0.4,0.54,0,
11,-0.3,-0.3,0.34,-0.3,0.55,-0.2,0.26,-0.3,0.55,-0.3,0.45,-0.3,0.47,0,
11,-0.2,-0.1,0.34,-0.2,0.55,-0.2,0.21,-0.2,0.55,-0.15,0.45,-0.16,0.47,0,
11,-0.1,-0.1,1,-0.1,0.55,0,0.26,-0.1,1,-0.1,0.78,-0.1,0.84,0,
11,0,0,1,0,0.58,0,0.34,0,1,0,0.79,0,0.85,0,
11,0.1,0.1,1,0.1,0.56,0,0.26,0.1,1,0.1,0.78,0.1,0.84,0,
11,0.2,0.2,1,0.2,0.55,0.2,0.2,0.2,1,0.2,0.78,0.2,0.84,0,
11,0.3,0.3,1,0.3,0.55,0.2,0.18,0.3,1,0.3,0.78,0.3,0.84,0,
11,0.4,0.4,1,0.4,0.55,0.3,0.21,0.4,1,0.4,0.78,0.4,0.84,0,
11,0.5,0.5,0.34,0.5,0.55,0.5,0.21,0.5,0.55,0.5,0.44,0.5,0.47,0,
11,0.6,0.7,0.35,0.6,0.55,0.6,0.26,0.6,0.55,0.65,0.45,0.64,0.47,0,
11,0.7,0.7,0.34,0.7,0.55,0.6,0.26,0.7,0.55,0.7,0.45,0.7,0.47,0,
11,0.8,0.8,1,0.7,0.55,0.6,0.26,0.8,1,0.75,0.77,0.76,0.84,0,
11,0.9,0.9,1,0.9,0.55,0.9,0.26,0.9,1,0.9,0.78,0.9,0.84,0,
11,1,1,1,1,0.55,1,0.35,1,1,1,0.77,1,0.84,0,
11,1.1,1.1,1,1.1,0.54,1,0.26,1.1,1,1.1,0.77,1.1,0.84,0,
11,1.2,1.2,0.35,1.2,0.55,1.1,0.26,1.2,0.55,1.2,0.45,1.2,0.47,0,
11,1.3,1.2,0.34,1.3,0.55,1.2,0.26,1.3,0.55,1.25,0.45,1.26,0.47,0,
11,1.4,1.4,0.21,1.4,0.54,1.2,0.26,1.4,0.54,1.4,0.54,1.4,0.54,0,
11,1.5,1.5,1,1.5,0.55,1.5,0.26,1.5,1,1.5,0.77,1.5,0.84,0,
11,1.6,1.6,1,1.6,0.55,1.7,0.26,1.6,1,1.6,0.77,1.6,0.84,0,
11,1.7,1.7,1,1.7,0.55,1.7,0.34,1.7,1,1.7,0.77,1.7,0.84,0,
11,1.8,1.8,1,1.8,0.55,1.6,0.21,1.8,1,1.8,0.77,1.8,0.84,0,
11,1.9,1.9,0.52,1.9,0.55,1.8,0.26,1.9,0.55,1.9,0.53,1.9,0.53,0,
11,2,2.1,0.51,2,0.55,2,0.21,2,0.55,2.05,0.53,2.05,0.53,0,
11,2.1,2.2,1,2.1,0.55,2.2,0.21,2.2,1,2.15,0.77,2.16,0.84,1,
11,2.2,2.2,0.52,2.2,0.56,2.2,0.26,2.2,0.56,2.2,0.54,2.2,0.54,0,
11,2.3,2.3,1,2.3,0.55,2.1,0.26,2.3,1,2.3,0.77,2.3,0.84,0,
11,2.4,2.4,1,2.4,0.55,2.2,0.21,2.4,1,2.4,0.77,2.4,0.84,0,
11,2.5,2.5,1,2.5,0.55,2.6,0.21,2.5,1,2.5,0.77,2.5,0.84,0,
11,2.6,2.6,0.52,2.6,0.55,2.6,0.35,2.6,0.55,2.6,0.47,2.6,0.49,0,
11,2.7,2.7,0.26,2.7,0.55,2.6,0.21,2.7,0.55,2.7,0.55,2.7,0.55,0,
11,2.8,2.8,0.34,2.8,0.55,2.7,0.26,2.8,0.55,2.8,0.45,2.8,0.47,0,
11,2.9,2.9,1,2.9,0.55,2.8,0.26,2.9,1,2.9,0.77,2.9,0.84,0,
11,3,3,1,3,0.55,3,0.21,3,1,3,0.77,3,0.84,0,
11,3.1,3.1,1,3.1,0.55,3.1,0.26,3.1,1,3.1,0.77,3.1,0.84,0,
11,3.2,3.2,1,3.2,0.55,3.1,0.26,3.2,1,3.2,0.77,3.2,0.84,0,
11,3.3,3.3,1,3.3,0.55,3.1,0.21,3.3,1,3.3,0.77,3.3,0.84,0,
11,3.4,3.5,0.35,3.4,0.55,3.4,0.34,3.4,0.55,3.43,0.41,3.43,0.44,0,
11,3.5,3.6,0.5,3.5,0.55,3.5,0.26,3.5,0.55,3.55,0.53,3.55,0.53,0,
11,3.6,3.6,1,3.6,0.55,3.6,0.21,3.6,1,3.6,0.77,3.6,0.84,0,
11,3.7,3.7,1,3.7,0.55,3.5,0.26,3.7,1,3.7,0.78,3.7,0.84,0,
11,3.8,3.8,1,3.8,0.55,3.7,0.26,3.8,1,3.8,0.78,3.8,0.84,0,
11,3.9,3.9,0.52,3.9,0.55,3.9,0.26,3.9,0.55,3.9,0.54,3.9,0.54,0,
11,4,4.1,0.34,4,0.55,4.1,0.21,4,0.55,4.05,0.45,4.04,0.47,0,
11,4.1,4.2,0.35,4.1,0.55,3.9,0.18,4.1,0.55,4.15,0.45,4.14,0.47,0,
11,4.2,4.2,0.35,4.2,0.55,4.1,0.26,4.2,0.55,4.2,0.45,4.2,0.47,0,
11,4.3,4.3,1,4.3,0.56,4.3,0.26,4.3,1,4.3,0.78,4.3,0.84,0,
11,4.4,4.4,1,4.4,0.55,4.4,0.21,4.4,1,4.4,0.77,4.4,0.84,0,
11,4.5,4.5,1,4.5,0.55,4.4,0.35,4.5,1,4.5,0.77,4.5,0.84,0,
11,4.6,4.6,0.26,4.6,0.55,4.4,0.26,4.6,0.55,4.6,0.55,4.6,0.55,0,
11,4.7,4.8,0.33,4.7,0.55,4.7,0.26,4.7,0.55,4.75,0.44,4.74,0.47,0,
11,4.8,4.8,0.4,4.8,0.55,4.8,0.35,4.8,0.55,4.8,0.43,4.8,0.45,0,
11,4.9,4.9,1,4.9,0.55,4.8,0.21,4.9,1,4.9,0.78,4.9,0.84,0,
11,5,5,1,5,0.55,4.9,0.26,5,1,5,0.78,5,0.84,0,
12,-5,-5,1,-5,0.53,-4.9,0.35,-5,1,-5,0.76,-5,0.84,0,
12,-4.9,-4.9,1,-4.9,0.53,-4.9,0.35,-4.9,1,-4.9,0.76,-4.9,0.84,0,
12,-4.8,-4.7,0.5,-4.8,0.53,-4.7,0.34,-4.8,0.53,-4.73,0.46,-4.74,0.47,0,
12,-4.7,-4.7,1,-4.7,0.53,-4.6,0.35,-4.7,1,-4.7,0.76,-4.7,0.84,0,
12,-4.6,-4.6,1,-4.6,0.53,-4.6,0.35,-4.6,1,-4.6,0.76,-4.6,0.84,0,
12,-4.5,-4.5,0.51,-4.5,0.53,-4.5,0.35,-4.5,0.53,-4.5,0.46,-4.5,0.48,0,
12,-4.4,-4.4,1,-4.4,0.53,-4.4,0.35,-4.4,1,-4.4,0.76,-4.4,0.84,0,
12,-4.3,-4.3,0.51,-4.3,0.53,-4.3,0.35,-4.3,0.53,-4.3,0.46,-4.3,0.48,0,
12,-4.2,-4.2,0.52,-4.2,0.53,-4.2,0.34,-4.2,0.53,-4.2,0.46,-4.2,0.48,0,
12,-4.1,-4.1,1,-4.1,0.53,-4.1,0.35,-4.1,1,-4.1,0.76,-4.1,0.84,0,
12,-4,-3.9,0.34,-4,0.53,-4.1,0.34,-4,0.53,-4,0.4,-4,0.42,0,
12,-3.9,-3.9,1,-3.9,0.52,-3.9,0.35,-3.9,1,-3.9,0.76,-3.9,0.84,0,
12,-3.8,-3.8,0.35,-3.8,0.53,-3.8,0.34,-3.8,0.53,-3.8,0.41,-3.8,0.42,0,
12,-3.7,-3.7,0.53,-3.7,0.53,-3.6,0.34,-3.7,0.53,-3.67,0.47,-3.68,0.48,0,
12,-3.6,-3.6,1,-3.6,0.53,-3.5,0.35,-3.6,1,-3.6,0.76,-3.6,0.84,0,
12,-3.5,-3.5,0.51,-3.5,0.52,-3.5,0.34,-3.5,0.52,-3.5,0.46,-3.5,0.47,0,
12,-3.4,-3.4,1,-3.4,0.52,-3.3,0.35,-3.4,1,-3.4,0.76,-3.4,0.84,0,
12,-3.3,-3.3,1,-3.3,0.53,-3.2,0.35,-3.3,1,-3.3,0.76,-3.3,0.84,0,
12,-3.2,-3.2,1,-3.2,0.52,-3,0.34,-3.2,1,-3.2,0.76,-3.2,0.84,0,
12,-3.1,-3.1,1,-3.1,0.52,-3,0.35,-3.1,1,-3.1,0.76,-3.1,0.84,0,
12,-3,-3,1,-3,0.53,-3,0.34,-3,1,-3,0.76,-3,0.84,0,
12,-2.9,-2.9,1,-2.9,0.53,-2.9,0.35,-2.9,1,-2.9,0.76,-2.9,0.84,0,
12,-2.8,-2.8,1,-2.8,0.52,-2.8,0.35,-2.8,1,-2.8,0.76,-2.8,0.84,0,
12,-2.7,-2.7,0.51,-2.7,0.53,-2.7,0.34,-2.7,0.53,-2.7,0.46,-2.7,0.47,0,
12,-2.6,-2.5,0.35,-2.6,0.53,-2.6,0.35,-2.6,0.53,-2.57,0.41,-2.57,0.42,0,
12,-2.5,-2.5,0.52,-2.5,0.52,-2.5,0.35,-2.5,0.52,-2.5,0.46,-2.5,0.48,0,
12,-2.4,-2.4,1,-2.4,0.53,-2.3,0.34,-2.4,1,-2.4,0.76,-2.4,0.84,0,
12,-2.3,-2.3,0.52,-2.3,0.53,-2.2,0.35,-2.3,0.53,-2.27,0.47,-2.27,0.48,0,
12,-2.2,-2.2,0.69,-2.2,0.53,-2.1,0.35,-2.2,0.69,-2.17,0.52,-2.18,0.56,0,
12,-2.1,-2.1,1,-2.1,0.53,-2.1,0.34,-2.1,1,-2.1,0.76,-2.1,0.84,0,
12,-2,-2,0.51,-2,0.52,-1.9,0.26,-2,0.52,-1.97,0.43,-1.98,0.46,0,
12,-1.9,-1.9,0.53,-1.9,0.53,-1.9,0.35,-1.9,0.53,-1.9,0.47,-1.9,0.48,0,
12,-1.8,-1.8,0.52,-1.8,0.53,-1.7,0.26,-1.8,0.53,-1.8,0.52,-1.8,0.52,0,
12,-1.7,-1.7,1,-1.7,0.52,-1.7,0.35,-1.7,1,-1.7,0.76,-1.7,0.84,0,
12,-1.6,-1.6,0.52,-1.6,0.52,-1.6,0.35,-1.6,0.52,-1.6,0.47,-1.6,0.48,0,
12,-1.5,-1.5,0.68,-1.5,0.52,-1.4,0.35,-1.5,0.68,-1.47,0.52,-1.48,0.55,0,
12,-1.4,-1.4,1,-1.4,0.53,-1.4,0.26,-1.4,1,-1.4,0.76,-1.4,0.84,0,
12,-1.3,-1.3,1,-1.3,0.53,-1.2,0.51,-1.3,1,-1.27,0.68,-1.28,0.76,0,
12,-1.2,-1.2,1,-1.2,0.53,-1.1,0.35,-1.2,1,-1.2,0.76,-1.2,0.84,0,
12,-1.1,-1.1,0.51,-1.1,0.52,-1.1,0.26,-1.1,0.52,-1.1,0.52,-1.1,0.52,0,
12,-1,-1,1,-1,0.53,-1,0.35,-1,1,-1,0.76,-1,0.84,0,
12,-0.9,-0.9,0.52,-0.9,0.53,-0.9,0.35,-0.9,0.53,-0.9,0.47,-0.9,0.48,0,
12,-0.8,-0.8,1,-0.8,0.52,-0.8,0.35,-0.8,1,-0.8,0.76,-0.8,0.84,0,
12,-0.7,-0.7,1,-0.7,0.52,-0.6,0.34,-0.7,1,-0.7,0.76,-0.7,0.84,0,
12,-0.6,-0.6,1,-0.6,0.52,-0.5,0.26,-0.6,1,-0.6,0.76,-0.6,0.84,0,
12,-0.5,-0.5,1,-0.5,0.53,-0.4,0.34,-0.5,1,-0.5,0.76,-0.5,0.84,0,
12,-0.4,-0.4,0.52,-0.4,0.53,-0.3,0.36,-0.4,0.53,-0.37,0.47,-0.37,0.48,0,
12,-0.3,-0.3,1,-0.3,0.53,-0.3,0.34,-0.3,1,-0.3,0.76,-0.3,0.84,0,
12,-0.2,-0.2,0.53,-0.1,0.53,-0.2,0.35,-0.1,0.53,-0.17,0.47,-0.16,0.49,1,
12,-0.1,0,0.51,0,0.54,-0.1,0.26,0,0.54,0,0.52,0,0.52,1,
12,0,0,1,0,0.54,0,1,0,1,0,0.85,0,0.9,0,
12,0.1,0.1,0.53,0.1,0.54,0,0.34,0.1,0.54,0.07,0.47,0.08,0.49,0,
12,0.2,0.3,1,0.1,0.53,0.2,0.35,0.3,1,0.2,0.77,0.23,0.84,1,
12,0.3,0.3,0.51,0.3,0.53,0.3,0.34,0.3,0.53,0.3,0.46,0.3,0.48,0,
12,0.4,0.4,1,0.4,0.53,0.3,0.52,0.4,1,0.37,0.68,0.37,0.76,0,
12,0.5,0.5,1,0.5,0.53,0.4,0.35,0.5,1,0.5,0.76,0.5,0.84,0,
12,0.6,0.6,1,0.6,0.53,0.4,0.34,0.6,1,0.6,0.76,0.6,0.84,0,
12,0.7,0.7,0.52,0.7,0.52,0.6,0.26,0.7,0.52,0.7,0.52,0.7,0.52,0,
12,0.8,0.8,1,0.8,0.52,0.8,0.34,0.8,1,0.8,0.76,0.8,0.84,0,
12,0.9,0.9,0.68,0.9,0.53,0.9,0.35,0.9,0.68,0.9,0.52,0.9,0.55,0,
12,1,1,1,1,0.53,1,0.35,1,1,1,0.76,1,0.84,0,
12,1.1,1.1,1,1.1,0.53,1.1,0.35,1.1,1,1.1,0.76,1.1,0.84,0,
12,1.2,1.2,1,1.2,0.53,1.1,0.35,1.2,1,1.2,0.76,1.2,0.84,0,
12,1.3,1.3,0.52,1.3,0.53,1.2,0.35,1.3,0.53,1.27,0.47,1.28,0.48,0,
12,1.4,1.5,0.35,1.4,0.53,1.3,0.35,1.4,0.53,1.4,0.41,1.4,0.43,0,
12,1.5,1.5,0.68,1.5,0.52,1.4,0.26,1.5,0.68,1.5,0.6,1.5,0.61,0,
12,1.6,1.6,1,1.6,0.52,1.6,0.35,1.6,1,1.6,0.76,1.6,0.84,0,
12,1.7,1.7,1,1.7,0.53,1.7,0.26,1.7,1,1.7,0.76,1.7,0.84,0,
12,1.8,1.8,1,1.8,0.52,1.8,0.34,1.8,1,1.8,0.76,1.8,0.84,0,
12,1.9,1.9,0.52,2,0.52,1.9,0.35,2,0.52,1.93,0.46,1.94,0.48,1,
12,2,2,0.66,2,0.52,1.9,0.21,2,0.66,2,0.59,2,0.6,0,
12,2.1,2.1,0.67,2.1,0.53,2,0.34,2.1,0.67,2.07,0.51,2.08,0.55,0,
12,2.2,2.2,1,2.2,0.53,2.1,0.35,2.2,1,2.2,0.76,2.2,0.84,0,
12,2.3,2.3,1,2.3,0.52,2.2,0.35,2.3,1,2.3,0.76,2.3,0.84,0,
12,2.4,2.5,0.51,2.4,0.53,2.3,0.34,2.4,0.53,2.4,0.46,2.41,0.47,0,
12,2.5,2.5,1,2.5,0.52,2.5,0.35,2.5,1,2.5,0.76,2.5,0.84,0,
12,2.6,2.6,1,2.6,0.53,2.6,0.34,2.6,1,2.6,0.76,2.6,0.84,0,
12,2.7,2.7,1,2.7,0.52,2.7,0.35,2.7,1,2.7,0.76,2.7,0.84,0,
12,2.8,2.8,1,2.8,0.53,2.8,0.35,2.8,1,2.8,0.76,2.8,0.84,0,
12,2.9,3,0.34,2.8,0.53,2.9,0.35,2.8,0.53,2.9,0.4,2.89,0.42,1,
12,3,3,0.35,3,0.53,3,0.26,3,0.53,3,0.44,3,0.45,0,
12,3.1,3.1,0.53,3.1,0.53,3,0.35,3.1,0.53,3.07,0.47,3.08,0.48,0,
12,3.2,3.2,1,3.2,0.53,3.1,0.35,3.2,1,3.2,0.76,3.2,0.84,0,
12,3.3,3.3,0.52,3.3,0.53,3.2,0.26,3.3,0.53,3.3,0.52,3.3,0.52,0,
12,3.4,3.4,0.34,3.4,0.52,3.3,0.34,3.4,0.52,3.37,0.4,3.37,0.42,0,
12,3.5,3.5,0.52,3.5,0.52,3.4,0.35,3.5,0.52,3.47,0.46,3.47,0.48,0,
12,3.6,3.6,0.52,3.6,0.52,3.5,0.35,3.6,0.52,3.57,0.46,3.57,0.48,0,
12,3.7,3.7,1,3.7,0.52,3.6,0.26,3.7,1,3.7,0.76,3.7,0.84,0,
12,3.8,3.8,1,3.8,0.52,3.8,0.34,3.8,1,3.8,0.76,3.8,0.84,0,
12,3.9,3.9,1,3.9,0.53,3.9,0.35,3.9,1,3.9,0.76,3.9,0.84,0,
12,4,4,1,4,0.53,4,0.35,4,1,4,0.76,4,0.84,0,
12,4.1,4.1,1,4.1,0.53,4.1,0.34,4.1,1,4.1,0.76,4.1,0.84,0,
12,4.2,4.2,0.51,4.2,0.52,4.2,0.34,4.2,0.52,4.2,0.46,4.2,0.48,0,
12,4.3,4.3,1,4.3,0.52,4.3,0.34,4.3,1,4.3,0.76,4.3,0.84,0,
12,4.4,4.4,0.35,4.4,0.52,4.4,0.35,4.4,0.52,4.4,0.41,4.4,0.42,0,
12,4.5,4.5,0.67,4.5,0.53,4.5,0.35,4.5,0.67,4.5,0.52,4.5,0.55,0,
12,4.6,4.6,1,4.6,0.53,4.6,0.34,4.6,1,4.6,0.76,4.6,0.84,0,
12,4.7,4.7,0.53,4.7,0.53,4.6,0.35,4.7,0.53,4.67,0.47,4.68,0.48,0,
12,4.8,4.9,0.5,4.8,0.53,4.7,0.35,4.8,0.53,4.8,0.46,4.81,0.47,0,
12,4.9,4.9,1,4.9,0.53,4.8,0.34,4.9,1,4.9,0.76,4.9,0.84,0,
12,5,5.1,0.52,5,0.53,4.9,0.34,5,0.53,5,0.46,5.01,0.48,0,
13,-5,-4.7,0.52,-4.9,0.52,-4.9,0.35,-4.9,0.52,-4.83,0.46,-4.82,0.48,1,
13,-4.9,-4.6,1,-4.9,0.53,-4.9,0.51,-4.6,1,-4.8,0.68,-4.75,0.75,1,
13,-4.8,-4.5,1,-4.8,0.52,-4.7,0.35,-4.5,1,-4.65,0.76,-4.6,0.84,1,
13,-4.7,-4.6,0.27,-4.8,0.52,-4.6,0.51,-4.8,0.52,-4.67,0.43,-4.68,0.46,1,
13,-4.6,-4.5,0.34,-4.5,0.53,-4.6,0.35,-4.5,0.53,-4.53,0.41,-4.53,0.43,1,
13,-4.5,-4.3,0.52,-4.5,0.53,-4.4,0.5,-4.5,0.53,-4.4,0.52,-4.4,0.52,0,
13,-4.4,-4.2,0.26,-4.4,0.52,-4.4,0.35,-4.4,0.52,-4.33,0.38,-4.35,0.41,0,
13,-4.3,-4.1,0.5,-4.2,0.52,-4.3,0.35,-4.2,0.52,-4.2,0.46,-4.19,0.47,1,
13,-4.2,-3.9,0.53,-4.1,0.53,-4.1,0.35,-3.9,0.53,-4.03,0.47,-4.03,0.48,1,
13,-4.1,-3.8,1,-4.1,0.52,-4.1,0.35,-3.8,1,-3.95,0.76,-3.9,0.84,1,
13,-4,-3.9,1,-4.1,0.52,-3.9,0.35,-3.9,1,-4,0.76,-3.97,0.84,1,
13,-3.9,-3.7,0.52,-3.8,0.53,-3.9,0.51,-3.8,0.53,-3.8,0.52,-3.8,0.52,1,
13,-3.8,-3.6,0.26,-3.9,0.52,-3.8,1,-3.8,1,-3.85,0.76,-3.83,0.84,0,
13,-3.7,-3.5,1,-3.7,0.53,-3.7,0.5,-3.5,1,-3.63,0.68,-3.6,0.75,1,
13,-3.6,-3.4,0.51,-3.6,0.52,-3.6,1,-3.6,1,-3.53,0.68,-3.55,0.76,0,
13,-3.5,-3.3,0.51,-3.4,0.52,-3.4,0.51,-3.4,0.52,-3.37,0.51,-3.37,0.51,1,
13,-3.4,-3.1,0.35,-3.4,0.52,-3.4,0.34,-3.4,0.52,-3.3,0.4,-3.31,0.42,0,
13,-3.3,-3.2,0.51,-3.3,0.52,-3.3,0.35,-3.3,0.52,-3.27,0.46,-3.26,0.47,0,
13,-3.2,-3,0.34,-3,0.52,-3.1,0.35,-3,0.52,-3.03,0.4,-3.03,0.42,1,
13,-3.1,-2.9,0.51,-3.2,0.53,-3.1,0.51,-3.2,0.53,-3.07,0.52,-3.07,0.52,1,
13,-3,-2.8,0.27,-2.9,0.52,-2.9,0.51,-2.9,0.52,-2.87,0.43,-2.88,0.46,1,
13,-2.9,-2.7,0.51,-2.9,0.53,-2.9,0.52,-2.9,0.53,-2.83,0.52,-2.83,0.52,0,
13,-2.8,-2.7,0.26,-2.8,0.52,-2.8,0.35,-2.8,0.52,-2.77,0.38,-2.78,0.41,0,
13,-2.7,-2.6,0.22,-2.7,0.52,-2.6,0.51,-2.7,0.52,-2.65,0.52,-2.65,0.52,0,
13,-2.6,-2.4,0.5,-2.5,0.52,-2.6,0.35,-2.5,0.52,-2.5,0.46,-2.49,0.47,1,
13,-2.5,-2.3,0.5,-2.5,0.52,-2.4,0.35,-2.5,0.52,-2.4,0.46,-2.4,0.47,0,
13,-2.4,-2.2,0.52,-2.4,0.52,-2.4,1,-2.4,1,-2.33,0.68,-2.35,0.76,0,
13,-2.3,-2.1,0.35,-2.2,0.53,-2.2,0.51,-2.2,0.53,-2.17,0.46,-2.17,0.47,1,
13,-2.2,-2.1,0.17,-2.3,0.52,-2.2,0.5,-2.3,0.52,-2.25,0.51,-2.25,0.51,1,
13,-2.1,-2,1,-2.1,0.53,-2.1,0.35,-2,1,-2.05,0.76,-2.03,0.84,1,
13,-2,-2,0.52,-2,0.53,-1.9,0.36,-2,0.53,-1.97,0.47,-1.97,0.48,0,
13,-1.9,-1.9,0.17,-2,0.52,-1.9,0.51,-2,0.52,-1.95,0.52,-1.95,0.52,1,
13,-1.8,-1.6,0.27,-1.7,0.52,-1.7,0.35,-1.7,0.52,-1.67,0.38,-1.68,0.41,1,
13,-1.7,-1.7,0.51,-1.7,0.53,-1.7,0.51,-1.7,0.53,-1.7,0.52,-1.7,0.52,0,
13,-1.6,-1.6,0.51,-1.6,0.53,-1.6,0.36,-1.6,0.53,-1.6,0.46,-1.6,0.48,0,
13,-1.5,-1.4,0.27,-1.5,0.53,-1.4,0.51,-1.5,0.53,-1.43,0.43,-1.44,0.47,0,
13,-1.4,-1.3,0.34,-1.4,0.52,-1.4,0.35,-1.4,0.52,-1.37,0.41,-1.37,0.42,0,
13,-1.3,-1.2,0.4,-1.3,0.53,-1.2,0.35,-1.3,0.53,-1.23,0.42,-1.24,0.44,0,
13,-1.2,-1.2,0.6,-1.2,0.53,-1.2,1,-1.2,1,-1.2,0.71,-1.2,0.77,0,
13,-1.1,-1.1,0.51,-1.1,0.53,-1,0.5,-1.1,0.53,-1.07,0.51,-1.07,0.51,0,
13,-1,-1,0.51,-1,0.53,-1,0.35,-1,0.53,-1,0.46,-1,0.48,0,
13,-0.9,-1,0.18,-1,0.53,-0.8,0.35,-1,0.53,-0.9,0.44,-0.92,0.46,1,
13,-0.8,-0.8,0.41,-0.8,0.52,-0.7,0.35,-0.8,0.52,-0.77,0.43,-0.77,0.44,0,
13,-0.7,-0.7,0.53,-0.7,0.53,-0.7,1,-0.7,1,-0.7,0.68,-0.7,0.76,0,
13,-0.6,-0.4,0.2,-0.6,0.53,-0.6,0.5,-0.6,0.53,-0.6,0.51,-0.6,0.51,0,
13,-0.5,-0.5,0.74,-0.3,0.52,-0.5,0.35,-0.5,0.74,-0.4,0.63,-0.42,0.65,0,
13,-0.4,-0.3,0.36,-0.4,0.53,-0.3,0.52,-0.4,0.53,-0.33,0.47,-0.34,0.48,0,
13,-0.3,-0.3,0.51,-0.3,0.53,-0.3,0.51,-0.3,0.53,-0.3,0.52,-0.3,0.52,0,
13,-0.2,-0.2,0.53,-0.1,0.53,-0.2,0.52,-0.1,0.53,-0.17,0.53,-0.17,0.53,1,
13,-0.1,-0.2,0.35,0,0.54,0,0.51,0,0.54,-0.07,0.47,-0.05,0.48,1,
13,0,0,1,-0.1,0.53,0,0.36,0,1,-0.05,0.76,-0.03,0.84,0,
13,0.1,0.1,0.35,0,0.53,0,0.51,0,0.53,0.03,0.46,0.03,0.48,1,
13,0.2,0.2,1,0.1,0.52,0.1,0.35,0.2,1,0.15,0.76,0.17,0.84,0,
13,0.3,0.3,1,0.3,0.53,0.3,0.51,0.3,1,0.3,0.68,0.3,0.76,0,
13,0.4,0.3,1,0.4,0.53,0.3,0.52,0.3,1,0.33,0.68,0.33,0.76,1,
13,0.5,0.6,0.26,0.6,0.52,0.5,0.35,0.6,0.52,0.55,0.44,0.56,0.45,1,
13,0.6,0.6,1,0.6,0.52,0.5,0.51,0.6,1,0.57,0.68,0.57,0.75,0,
13,0.7,0.7,0.67,0.7,0.53,0.7,0.51,0.7,0.67,0.7,0.57,0.7,0.58,0,
13,0.8,0.7,0.26,0.8,0.52,0.7,0.52,0.8,0.52,0.75,0.52,0.75,0.52,0,
13,0.9,1,0.26,1,0.53,0.8,0.51,1,0.53,0.93,0.43,0.92,0.47,1,
13,1,1,0.84,1,0.53,1,0.35,1,0.84,1,0.68,1,0.72,0,
13,1.1,1.1,0.39,1.1,0.53,1,0.35,1.1,0.53,1.07,0.42,1.07,0.44,0,
13,1.2,1.2,1,1.2,0.53,1.2,0.52,1.2,1,1.2,0.68,1.2,0.76,0,
13,1.3,1.5,0.26,1.3,0.52,1.2,0.35,1.3,0.52,1.25,0.44,1.26,0.45,0,
13,1.4,1.5,0.4,1.5,0.52,1.4,0.52,1.5,0.52,1.47,0.48,1.46,0.49,1,
13,1.5,1.6,0.27,1.5,0.52,1.4,0.51,1.5,0.52,1.5,0.43,1.48,0.46,0,
13,1.6,1.6,0.6,1.6,0.52,1.6,0.51,1.6,0.6,1.6,0.54,1.6,0.55,0,
13,1.7,1.7,0.46,1.7,0.52,1.7,0.35,1.7,0.52,1.7,0.45,1.7,0.46,0,
13,1.8,1.9,0.51,2,0.52,1.7,0.51,2,0.52,1.87,0.52,1.87,0.52,1,
13,1.9,2,1,2,0.53,1.9,0.35,2,1,2,0.76,2,0.84,1,
13,2,2.1,0.26,2.1,0.52,1.9,0.5,2.1,0.52,2,0.51,2,0.51,1,
13,2.1,2.4,0.1,2.1,0.53,2.1,0.52,2.1,0.53,2.1,0.52,2.1,0.52,0,
13,2.2,2.3,0.21,2.3,0.53,2.1,0.35,2.3,0.53,2.2,0.44,2.22,0.46,1,
13,2.3,2.5,0.53,2.4,0.52,2.2,0.51,2.5,0.53,2.37,0.52,2.37,0.52,1,
13,2.4,2.5,0.51,2.4,0.53,2.4,0.51,2.4,0.53,2.43,0.52,2.43,0.52,0,
13,2.5,2.6,0.21,2.5,0.52,2.4,0.52,2.5,0.52,2.45,0.52,2.45,0.52,0,
13,2.6,2.8,0.26,2.7,0.52,2.6,0.36,2.7,0.52,2.65,0.44,2.66,0.46,1,
13,2.7,2.9,0.53,2.7,0.52,2.6,0.51,2.9,0.53,2.73,0.52,2.73,0.52,1,
13,2.8,2.9,0.52,2.8,0.52,2.8,0.51,2.8,0.52,2.83,0.52,2.83,0.52,0,
13,2.9,3.1,1,2.9,0.52,2.9,0.5,3.1,1,2.97,0.68,3,0.75,1,
13,3,3.2,0.26,3.1,0.52,2.9,0.35,3.1,0.52,3.07,0.38,3.06,0.41,1,
13,3.1,3.4,0.11,3.1,0.52,3.1,0.35,3.1,0.52,3.1,0.44,3.1,0.45,0,
13,3.2,3.4,0.34,3.4,0.52,3.1,0.51,3.4,0.52,3.3,0.46,3.29,0.47,1,
13,3.3,3.5,0.52,3.3,0.52,3.3,0.5,3.3,0.52,3.37,0.52,3.37,0.52,0,
13,3.4,3.6,1,3.5,0.52,3.4,0.5,3.6,1,3.5,0.68,3.52,0.75,1,
13,3.5,3.8,0.52,3.6,0.52,3.4,0.35,3.6,0.52,3.6,0.46,3.62,0.48,1,
13,3.6,3.9,0.35,3.6,0.52,3.6,0.36,3.6,0.52,3.7,0.41,3.69,0.43,0,
13,3.7,3.9,0.35,3.7,0.53,3.7,0.5,3.7,0.53,3.77,0.46,3.75,0.47,0,
13,3.8,4,0.52,3.9,0.53,3.8,1,3.8,1,3.9,0.68,3.88,0.76,0,
13,3.9,4.1,0.5,3.8,0.52,3.9,0.52,3.8,0.52,3.93,0.51,3.93,0.51,1,
13,4,4.3,0.52,4,0.52,3.9,0.51,4,0.52,4.07,0.52,4.07,0.52,0,
13,4.1,4.4,0.21,4.1,0.52,4.1,0.35,4.1,0.52,4.1,0.44,4.1,0.46,0,
13,4.2,4.4,0.5,4.1,0.52,4.1,0.5,4.1,0.52,4.2,0.51,4.2,0.51,1,
13,4.3,4.5,0.52,4.4,0.52,4.3,0.51,4.4,0.52,4.4,0.52,4.4,0.52,1,
13,4.4,4.7,0.51,4.4,0.52,4.4,0.52,4.4,0.52,4.5,0.52,4.5,0.52,0,
13,4.5,4.8,0.35,4.5,0.52,4.4,0.51,4.5,0.52,4.57,0.46,4.54,0.48,0,
13,4.6,5,0.34,4.5,0.52,4.6,0.52,4.5,0.52,4.7,0.46,4.66,0.48,1,
13,4.7,4.9,0.35,4.8,0.53,4.6,0.51,4.8,0.53,4.77,0.46,4.75,0.48,1,
13,4.8,5,0.35,4.8,0.53,4.7,0.35,4.8,0.53,4.83,0.41,4.83,0.43,0,
13,4.9,5.1,1,4.9,0.53,4.9,0.35,5.1,1,5,0.76,5.03,0.84,1,
13,5,5.1,0.34,4.9,0.53,4.9,1,4.9,1,4.9,0.76,4.9,0.84,1,
14,-5,-4.9,0.21,-5,0.54,-4.9,0.52,-5,0.54,-4.95,0.53,-4.95,0.53,0,
14,-4.9,-4.9,0.76,-4.9,0.54,-4.9,1,-4.9,1,-4.9,0.77,-4.9,0.81,0,
14,-4.8,-4.8,0.51,-4.8,0.53,-4.7,0.52,-4.8,0.53,-4.77,0.52,-4.77,0.52,0,
14,-4.7,-4.7,0.51,-4.7,0.53,-4.6,0.52,-4.7,0.53,-4.67,0.52,-4.67,0.52,0,
14,-4.6,-4.6,0.61,-4.5,0.53,-4.6,1,-4.6,1,-4.57,0.71,-4.58,0.77,0,
14,-4.5,-4.5,0.66,-4.5,0.53,-4.4,0.51,-4.5,0.66,-4.47,0.57,-4.47,0.58,0,
14,-4.4,-4.4,0.35,-4.4,0.53,-4.4,1,-4.4,1,-4.4,0.77,-4.4,0.84,0,
14,-4.3,-4.3,0.67,-4.2,0.53,-4.3,1,-4.3,1,-4.27,0.73,-4.28,0.79,0,
14,-4.2,-4.2,0.52,-4.1,0.53,-4.1,0.52,-4.1,0.53,-4.13,0.52,-4.13,0.52,1,
14,-4.1,-4.1,0.42,-4,0.53,-4.1,1,-4.1,1,-4.05,0.76,-4.07,0.84,0,
14,-4,-4,0.53,-4,0.53,-3.9,0.52,-4,0.53,-3.97,0.53,-3.97,0.53,0,
14,-3.9,-3.9,0.42,-3.9,0.53,-3.8,0.52,-3.9,0.53,-3.87,0.49,-3.86,0.49,0,
14,-3.8,-3.8,0.4,-3.8,0.53,-3.8,1,-3.8,1,-3.8,0.77,-3.8,0.84,0,
14,-3.7,-3.7,0.41,-3.6,0.53,-3.6,0.52,-3.6,0.53,-3.63,0.49,-3.63,0.49,1,
14,-3.6,-3.5,0.4,-3.5,0.53,-3.5,0.52,-3.5,0.53,-3.5,0.48,-3.5,0.49,1,
14,-3.5,-3.5,0.41,-3.4,0.53,-3.5,1,-3.5,1,-3.45,0.76,-3.47,0.84,0,
14,-3.4,-3.4,0.34,-3.4,0.53,-3.3,0.52,-3.4,0.53,-3.37,0.46,-3.36,0.48,0,
14,-3.3,-3.3,0.5,-3.3,0.53,-3.2,0.52,-3.3,0.53,-3.27,0.52,-3.27,0.52,0,
14,-3.2,-3.2,0.67,-3.2,0.53,-3.2,1,-3.2,1,-3.2,0.73,-3.2,0.79,0,
14,-3.1,-3,0.34,-3,0.53,-3,0.53,-3,0.53,-3,0.46,-3,0.48,1,
14,-3,-3,0.27,-2.9,0.53,-3,1,-3,1,-2.95,0.76,-2.97,0.84,0,
14,-2.9,-2.9,0.42,-2.8,0.53,-2.9,1,-2.9,1,-2.85,0.76,-2.87,0.84,0,
14,-2.8,-2.8,0.67,-2.8,0.53,-2.7,1,-2.7,1,-2.77,0.73,-2.75,0.79,1,
14,-2.7,-2.7,0.67,-2.7,0.53,-2.7,1,-2.7,1,-2.7,0.73,-2.7,0.79,0,
14,-2.6,-2.6,0.51,-2.6,0.53,-2.6,1,-2.6,1,-2.6,0.68,-2.6,0.76,0,
14,-2.5,-2.5,0.52,-2.4,0.53,-2.4,1,-2.4,1,-2.43,0.68,-2.43,0.76,1,
14,-2.4,-2.4,0.51,-2.3,0.53,-2.4,1,-2.4,1,-2.37,0.68,-2.37,0.76,0,
14,-2.3,-2.3,0.52,-2.2,0.53,-2.3,1,-2.3,1,-2.27,0.68,-2.27,0.76,0,
14,-2.2,-2.2,0.4,-2.1,0.53,-2.1,0.53,-2.1,0.53,-2.13,0.49,-2.13,0.49,1,
14,-2.1,-2.1,0.5,-2.1,0.53,-2.1,1,-2.1,1,-2.1,0.76,-2.1,0.84,0,
14,-2,-1.9,0.5,-1.9,0.53,-2,1,-2,1,-1.95,0.76,-1.97,0.84,0,
14,-1.9,-1.8,0.26,-1.8,0.53,-1.8,0.52,-1.8,0.53,-1.8,0.52,-1.8,0.52,1,
14,-1.8,-1.7,0.34,-1.7,0.53,-1.7,0.52,-1.7,0.53,-1.7,0.46,-1.7,0.48,1,
14,-1.7,-1.6,0.51,-1.6,0.53,-1.7,1,-1.7,1,-1.63,0.68,-1.65,0.75,0,
14,-1.6,-1.5,0.34,-1.5,0.53,-1.5,0.53,-1.5,0.53,-1.5,0.46,-1.5,0.48,1,
14,-1.5,-1.3,0.34,-1.5,0.53,-1.4,0.52,-1.5,0.53,-1.4,0.46,-1.41,0.48,0,
14,-1.4,-1.3,0.34,-1.4,0.53,-1.4,1,-1.4,1,-1.4,0.76,-1.4,0.84,0,
14,-1.3,-1.2,0.41,-1.3,0.53,-1.2,0.52,-1.3,0.53,-1.23,0.48,-1.24,0.49,0,
14,-1.2,-1.2,0.4,-1.2,0.53,-1.1,0.51,-1.2,0.53,-1.17,0.48,-1.16,0.49,0,
14,-1.1,-1.1,0.36,-1.1,0.53,-1.1,1,-1.1,1,-1.1,0.76,-1.1,0.84,0,
14,-1,-1,0.51,-1,0.53,-1,1,-1,1,-1,0.68,-1,0.76,0,
14,-0.9,-0.9,0.68,-0.9,0.53,-0.8,1,-0.8,1,-0.87,0.73,-0.85,0.79,1,
14,-0.8,-0.7,0.5,-0.8,0.53,-0.8,1,-0.8,1,-0.8,0.76,-0.8,0.84,0,
14,-0.7,-0.7,0.34,-0.7,0.53,-0.7,1,-0.7,1,-0.7,0.76,-0.7,0.84,0,
14,-0.6,-0.6,0.34,-0.6,0.53,-0.5,1,-0.5,1,-0.55,0.77,-0.53,0.84,1,
14,-0.5,-0.4,0.34,-0.5,0.53,-0.5,1,-0.5,1,-0.5,0.76,-0.5,0.84,0,
14,-0.4,-0.2,0.51,0,0.53,-0.4,1,-0.4,1,-0.2,0.68,-0.25,0.75,0,
14,-0.3,-0.3,0.26,-0.2,0.53,-0.3,0.51,-0.2,0.53,-0.25,0.52,-0.25,0.52,1,
14,-0.2,-0.2,0.41,-0.1,0.53,-0.1,1,-0.1,1,-0.1,0.76,-0.1,0.84,1,
14,-0.1,0.1,0.35,-0.2,0.53,-0.1,1,-0.1,1,-0.15,0.76,-0.13,0.84,0,
14,0,0.1,0.4,0.1,0.53,0,1,0,1,0.05,0.77,0.03,0.84,0,
14,0.1,0,0.4,0.2,0.53,0.1,0.53,0.2,0.53,0.1,0.49,0.11,0.49,1,
14,0.2,0.2,0.5,0.4,0.53,0.2,0.5,0.4,0.53,0.27,0.51,0.27,0.51,1,
14,0.3,0.4,0.17,0.4,0.53,0.2,0.53,0.4,0.53,0.3,0.53,0.3,0.53,1,
14,0.4,0.5,0.35,0.5,0.53,0.4,1,0.4,1,0.45,0.77,0.43,0.84,0,
14,0.5,0.6,0.41,0.5,0.53,0.5,1,0.5,1,0.5,0.76,0.5,0.84,0,
14,0.6,0.7,0.41,0.6,0.53,0.5,1,0.5,1,0.55,0.76,0.53,0.84,1,
14,0.7,0.8,0.34,0.7,0.53,0.7,1,0.7,1,0.7,0.76,0.7,0.84,0,
14,0.8,0.8,0.41,0.8,0.53,0.8,1,0.8,1,0.8,0.76,0.8,0.84,0,
14,0.9,0.9,0.53,1,0.53,0.8,1,0.8,1,0.9,0.68,0.88,0.76,1,
14,1,1,0.41,1.1,0.53,1,1,1,1,1.05,0.76,1.03,0.84,0,
14,1.1,1.1,0.41,1.1,0.53,1.1,1,1.1,1,1.1,0.76,1.1,0.84,0,
14,1.2,1.3,0.21,1.3,0.53,1.1,0.52,1.3,0.53,1.2,0.52,1.2,0.52,1,
14,1.3,1.5,0.4,1.3,0.53,1.2,1,1.2,1,1.25,0.76,1.23,0.84,1,
14,1.4,1.5,0.35,1.4,0.53,1.4,1,1.4,1,1.4,0.76,1.4,0.84,0,
14,1.5,1.6,0.42,1.5,0.53,1.4,1,1.4,1,1.45,0.76,1.43,0.84,1,
14,1.6,1.7,0.34,1.7,0.53,1.5,1,1.5,1,1.6,0.76,1.57,0.84,1,
14,1.7,1.7,0.51,1.7,0.53,1.7,1,1.7,1,1.7,0.68,1.7,0.75,0,
14,1.8,1.8,0.51,1.8,0.53,1.7,1,1.7,1,1.77,0.68,1.75,0.75,1,
14,1.9,1.9,0.51,1.8,0.53,1.8,0.52,1.8,0.53,1.83,0.52,1.83,0.52,1,
14,2,2,0.41,2,0.53,2,1,2,1,2,0.76,2,0.84,0,
14,2.1,2.2,0.26,2.1,0.53,2.1,1,2.1,1,2.1,0.76,2.1,0.84,0,
14,2.2,2.3,0.35,2.3,0.53,2.1,0.52,2.3,0.53,2.23,0.47,2.22,0.48,1,
14,2.3,2.5,0.34,2.4,0.53,2.3,1,2.3,1,2.35,0.76,2.33,0.84,0,
14,2.4,2.5,0.4,2.4,0.53,2.4,1,2.4,1,2.4,0.76,2.4,0.84,0,
14,2.5,2.5,0.35,2.6,0.53,2.4,1,2.4,1,2.5,0.76,2.47,0.84,1,
14,2.6,2.7,0.4,2.6,0.53,2.6,1,2.6,1,2.6,0.76,2.6,0.84,0,
14,2.7,2.7,0.41,2.7,0.53,2.7,1,2.7,1,2.7,0.76,2.7,0.84,0,
14,2.8,2.8,0.36,2.8,0.53,2.7,1,2.7,1,2.75,0.76,2.73,0.84,1,
14,2.9,2.9,0.41,3,0.53,2.9,1,2.9,1,2.95,0.76,2.93,0.84,0,
14,3,3,0.41,3,0.53,3,1,3,1,3,0.76,3,0.84,0,
14,3.1,3.1,0.41,3.2,0.53,3,0.52,3.2,0.53,3.1,0.48,3.1,0.49,1,
14,3.2,3.3,0.34,3.2,0.53,3.2,1,3.2,1,3.2,0.76,3.2,0.84,0,
14,3.3,3.4,0.3,3.3,0.53,3.2,0.53,3.3,0.53,3.3,0.45,3.28,0.48,0,
14,3.4,3.5,0.66,3.4,0.53,3.3,1,3.3,1,3.4,0.73,3.38,0.78,1,
14,3.5,3.6,0.51,3.6,0.53,3.5,1,3.5,1,3.57,0.68,3.55,0.75,0,
14,3.6,3.6,0.26,3.7,0.53,3.5,1,3.5,1,3.6,0.76,3.57,0.84,1,
14,3.7,3.7,0.34,3.8,0.53,3.6,1,3.6,1,3.7,0.76,3.67,0.84,1,
14,3.8,3.8,0.41,3.8,0.53,3.8,1,3.8,1,3.8,0.77,3.8,0.84,0,
14,3.9,3.9,0.51,3.9,0.53,3.8,0.52,3.9,0.53,3.87,0.52,3.87,0.52,0,
14,4,4,0.51,4,0.53,3.9,0.51,4,0.53,3.97,0.52,3.97,0.52,0,
14,4.1,4.1,0.5,4.2,0.53,4.1,1,4.1,1,4.15,0.76,4.13,0.84,0,
14,4.2,4.3,0.26,4.3,0.53,4.1,0.52,4.3,0.53,4.2,0.53,4.2,0.53,1,
14,4.3,4.3,0.34,4.4,0.53,4.3,1,4.3,1,4.35,0.76,4.33,0.84,0,
14,4.4,4.5,0.21,4.4,0.53,4.4,1,4.4,1,4.4,0.77,4.4,0.84,0,
14,4.5,4.5,0.57,4.5,0.53,4.4,1,4.4,1,4.47,0.7,4.45,0.77,1,
14,4.6,4.7,0.26,4.6,0.53,4.6,1,4.6,1,4.6,0.77,4.6,0.84,0,
14,4.7,4.8,0.41,4.8,0.53,4.6,1,4.6,1,4.7,0.77,4.67,0.84,1,
14,4.8,4.8,0.44,4.9,0.53,4.7,1,4.7,1,4.8,0.77,4.77,0.84,1,
14,4.9,4.9,0.6,4.9,0.54,4.9,1,4.9,1,4.9,0.71,4.9,0.77,0,
14,5,5,0.61,5,0.54,4.9,0.51,5,0.61,4.97,0.55,4.97,0.56,0,
